,close,AktienID
2009-02-13,"6,400000095367432",7
2009-02-17,"6,400000095367432",7
2009-02-18,"6,400000095367432",7
2009-02-19,"6,400000095367432",7
2009-02-20,"6,400000095367432",7
2009-02-23,"6,400000095367432",7
2009-02-24,"6,400000095367432",7
2009-02-25,"6,400000095367432",7
2009-02-26,"6,400000095367432",7
2009-02-27,"6,400000095367432",7
2009-03-02,"6,400000095367432",7
2009-03-03,"6,400000095367432",7
2009-03-04,"6,400000095367432",7
2009-03-05,"6,400000095367432",7
2009-03-06,"6,400000095367432",7
2009-03-09,"6,400000095367432",7
2009-03-10,"6,400000095367432",7
2009-03-11,"6,400000095367432",7
2009-03-12,"6,400000095367432",7
2009-03-13,"6,400000095367432",7
2009-03-16,"6,400000095367432",7
2009-03-17,"6,400000095367432",7
2009-03-18,"6,400000095367432",7
2009-03-19,"6,400000095367432",7
2009-03-20,"6,25",7
2009-03-23,"6,25",7
2009-03-24,"6,25",7
2009-03-25,"6,25",7
2009-03-26,"6,25",7
2009-03-27,"6,25",7
2009-03-30,"6,25",7
2009-03-31,"6,25",7
2009-04-01,"6,25",7
2009-04-02,"6,25",7
2009-04-03,"6,25",7
2009-04-06,"6,25",7
2009-04-07,"6,25",7
2009-04-08,"6,25",7
2009-04-09,"6,25",7
2009-04-13,"8,199999809265137",7
2009-04-14,"8,199999809265137",7
2009-04-15,"8,199999809265137",7
2009-04-16,"8,199999809265137",7
2009-04-17,"8,199999809265137",7
2009-04-20,"8,199999809265137",7
2009-04-21,"8,199999809265137",7
2009-04-22,"8,199999809265137",7
2009-04-23,"8,199999809265137",7
2009-04-24,"8,199999809265137",7
2009-04-27,"8,199999809265137",7
2009-04-28,"8,199999809265137",7
2009-04-29,"8,199999809265137",7
2009-04-30,"8,199999809265137",7
2009-05-01,"8,199999809265137",7
2009-05-04,"8,199999809265137",7
2009-05-05,"8,199999809265137",7
2009-05-06,"8,199999809265137",7
2009-05-07,"8,199999809265137",7
2009-05-08,"8,199999809265137",7
2009-05-11,"8,199999809265137",7
2009-05-12,"8,199999809265137",7
2009-05-13,"8,199999809265137",7
2009-05-14,"8,25",7
2009-05-15,"8,25",7
2009-05-18,"8,25",7
2009-05-19,"8,25",7
2009-05-20,"8,25",7
2009-05-21,"8,25",7
2009-05-22,"8,25",7
2009-05-26,"8,25",7
2009-05-27,"8,25",7
2009-05-28,"8,25",7
2009-05-29,"8,25",7
2009-06-01,"8,25",7
2009-06-02,"8,25",7
2009-06-03,"8,25",7
2009-06-04,"11,199999809265137",7
2009-06-05,"11,149999618530273",7
2009-06-08,"11,149999618530273",7
2009-06-09,"11,149999618530273",7
2009-06-10,"11,649999618530273",7
2009-06-11,"11,649999618530273",7
2009-06-12,"11,649999618530273",7
2009-06-15,"11,25",7
2009-06-16,"11,25",7
2009-06-17,"11,25",7
2009-06-18,"11,25",7
2009-06-19,"11,25",7
2009-06-22,"11,25",7
2009-06-23,"11,25",7
2009-06-24,"11,25",7
2009-06-25,"11,25",7
2009-06-26,"11,25",7
2009-06-29,"11,25",7
2009-06-30,"11,25",7
2009-07-01,"11,25",7
2009-07-02,"11,25",7
2009-07-06,"11,25",7
2009-07-07,"11,25",7
2009-07-08,"11,25",7
2009-07-09,"11,25",7
2009-07-10,"11,25",7
2009-07-13,"11,25",7
2009-07-14,"11,25",7
2009-07-15,"11,25",7
2009-07-16,"11,25",7
2009-07-17,"11,25",7
2009-07-20,"11,25",7
2009-07-21,"11,25",7
2009-07-22,"11,25",7
2009-07-23,"11,25",7
2009-07-24,"12,75",7
2009-07-27,"12,75",7
2009-07-28,"12,75",7
2009-07-29,"13,850000381469727",7
2009-07-30,"13,850000381469727",7
2009-07-31,"13,949999809265137",7
2009-08-03,"14,949999809265137",7
2009-08-04,"14,229999542236328",7
2009-08-05,"14,25",7
2009-08-06,"14,25",7
2009-08-07,"14,25",7
2009-08-10,"14,25",7
2009-08-11,"14,0",7
2009-08-12,"13,800000190734863",7
2009-08-13,"13,800000190734863",7
2009-08-14,"13,800000190734863",7
2009-08-17,"13,75",7
2009-08-18,"13,449999809265137",7
2009-08-19,"13,449999809265137",7
2009-08-20,"15,449999809265137",7
2009-08-21,"15,449999809265137",7
2009-08-24,"15,449999809265137",7
2009-08-25,"16,5",7
2009-08-26,"16,5",7
2009-08-27,"16,5",7
2009-08-28,"16,5",7
2009-08-31,"16,5",7
2009-09-01,"7,0",7
2009-09-02,"7,0",7
2009-09-03,"7,0",7
2009-09-04,"16,5",7
2009-09-08,"17,0",7
2009-09-09,"17,0",7
2009-09-10,"17,0",7
2009-09-11,"16,649999618530273",7
2009-09-14,"16,5",7
2009-09-15,"16,5",7
2009-09-16,"16,5",7
2009-09-17,"16,5",7
2009-09-18,"16,0",7
2009-09-21,"16,0",7
2009-09-22,"16,0",7
2009-09-23,"16,0",7
2009-09-24,"16,0",7
2009-09-25,"16,0",7
2009-09-28,"16,0",7
2009-09-29,"16,0",7
2009-09-30,"17,0",7
2009-10-01,"16,0",7
2009-10-02,"15,539999961853027",7
2009-10-05,"15,539999961853027",7
2009-10-06,"15,539999961853027",7
2009-10-07,"15,539999961853027",7
2009-10-08,"15,539999961853027",7
2009-10-09,"15,539999961853027",7
2009-10-12,"15,539999961853027",7
2009-10-13,"15,539999961853027",7
2009-10-14,"15,539999961853027",7
2009-10-15,"16,75",7
2009-10-16,"16,75",7
2009-10-19,"14,9399995803833",7
2009-10-20,"14,9399995803833",7
2009-10-21,"14,9399995803833",7
2009-10-22,"14,9399995803833",7
2009-10-23,"14,9399995803833",7
2009-10-26,"14,9399995803833",7
2009-10-27,"14,9399995803833",7
2009-10-28,"14,9399995803833",7
2009-10-29,"14,9399995803833",7
2009-10-30,"14,9399995803833",7
2009-11-02,"14,9399995803833",7
2009-11-03,"14,9399995803833",7
2009-11-04,"14,9399995803833",7
2009-11-05,"16,200000762939453",7
2009-11-06,"16,200000762939453",7
2009-11-09,"16,200000762939453",7
2009-11-10,"16,0",7
2009-11-11,"16,0",7
2009-11-12,"16,0",7
2009-11-13,"16,0",7
2009-11-16,"16,0",7
2009-11-17,"16,0",7
2009-11-18,"16,0",7
2009-11-19,"16,0",7
2009-11-20,"16,0",7
2009-11-23,"16,0",7
2009-11-24,"16,5",7
2009-11-25,"16,5",7
2009-11-27,"16,5",7
2009-11-30,"16,5",7
2009-12-01,"16,5",7
2009-12-02,"17,5",7
2009-12-03,"17,5",7
2009-12-04,"17,5",7
2009-12-07,"17,5",7
2009-12-08,"17,5",7
2009-12-09,"18,25",7
2009-12-10,"18,25",7
2009-12-11,"18,25",7
2009-12-14,"18,25",7
2009-12-15,"18,25",7
2009-12-16,"18,25",7
2009-12-17,"18,25",7
2009-12-18,"18,25",7
2009-12-21,"17,0",7
2009-12-22,"17,0",7
2009-12-23,"17,0",7
2009-12-24,"17,0",7
2009-12-28,"17,0",7
2009-12-29,"17,0",7
2009-12-30,"17,0",7
2009-12-31,"17,0",7
2010-01-04,"17,0",7
2010-01-05,"17,75",7
2010-01-06,"17,75",7
2010-01-07,"17,75",7
2010-01-08,"17,75",7
2010-01-11,"17,25",7
2010-01-12,"17,25",7
2010-01-13,"17,75",7
2010-01-14,"17,0",7
2010-01-15,"16,760000228881836",7
2010-01-19,"16,799999237060547",7
2010-01-20,"16,25",7
2010-01-21,"16,25",7
2010-01-22,"15,75",7
2010-01-25,"16,0",7
2010-01-26,"16,0",7
2010-01-27,"15,75",7
2010-01-28,"15,75",7
2010-01-29,"17,350000381469727",7
2010-02-01,"16,950000762939453",7
2010-02-02,"16,950000762939453",7
2010-02-03,"16,75",7
2010-02-04,"16,84000015258789",7
2010-02-05,"16,84000015258789",7
2010-02-08,"16,84000015258789",7
2010-02-09,"17,25",7
2010-02-10,"17,0",7
2010-02-11,"17,0",7
2010-02-12,"17,0",7
2010-02-16,"17,0",7
2010-02-17,"17,0",7
2010-02-18,"17,0",7
2010-02-19,"17,0",7
2010-02-22,"17,0",7
2010-02-23,"17,0",7
2010-02-24,"17,5",7
2010-02-25,"17,5",7
2010-02-26,"17,5",7
2010-03-01,"17,5",7
2010-03-02,"17,5",7
2010-03-03,"17,5",7
2010-03-04,"17,75",7
2010-03-05,"17,850000381469727",7
2010-03-08,"18,5",7
2010-03-09,"17,600000381469727",7
2010-03-10,"17,700000762939453",7
2010-03-11,"17,5",7
2010-03-12,"17,5",7
2010-03-15,"17,5",7
2010-03-16,"17,25",7
2010-03-17,"17,600000381469727",7
2010-03-18,"17,600000381469727",7
2010-03-19,"17,600000381469727",7
2010-03-22,"17,600000381469727",7
2010-03-23,"17,600000381469727",7
2010-03-24,"18,0",7
2010-03-25,"18,0",7
2010-03-26,"19,149999618530273",7
2010-03-29,"18,5",7
2010-03-30,"18,5",7
2010-03-31,"18,0",7
2010-04-01,"19,5",7
2010-04-05,"19,5",7
2010-04-06,"19,75",7
2010-04-07,"19,40999984741211",7
2010-04-08,"19,40999984741211",7
2010-04-09,"19,799999237060547",7
2010-04-12,"19,649999618530273",7
2010-04-13,"19,649999618530273",7
2010-04-14,"19,649999618530273",7
2010-04-15,"19,75",7
2010-04-16,"19,75",7
2010-04-19,"19,75",7
2010-04-20,"19,75",7
2010-04-21,"19,75",7
2010-04-22,"20,0",7
2010-04-23,"20,0",7
2010-04-26,"21,0",7
2010-04-27,"20,649999618530273",7
2010-04-28,"21,0",7
2010-04-29,"21,450000762939453",7
2010-04-30,"21,25",7
2010-05-03,"22,0",7
2010-05-04,"22,0",7
2010-05-05,"21,149999618530273",7
2010-05-06,"19,0",7
2010-05-07,"18,899999618530273",7
2010-05-10,"20,0",7
2010-05-11,"20,5",7
2010-05-12,"20,899999618530273",7
2010-05-13,"21,5",7
2010-05-14,"22,299999237060547",7
2010-05-17,"22,299999237060547",7
2010-05-18,"21,579999923706055",7
2010-05-19,"21,579999923706055",7
2010-05-20,"20,5",7
2010-05-21,"20,5",7
2010-05-24,"20,5",7
2010-05-25,"18,700000762939453",7
2010-05-26,"18,700000762939453",7
2010-05-27,"20,399999618530273",7
2010-05-28,"20,399999618530273",7
2010-06-01,"19,899999618530273",7
2010-06-02,"19,899999618530273",7
2010-06-03,"20,0",7
2010-06-04,"19,75",7
2010-06-07,"19,75",7
2010-06-08,"19,299999237060547",7
2010-06-09,"19,350000381469727",7
2010-06-10,"19,350000381469727",7
2010-06-11,"19,0",7
2010-06-14,"19,799999237060547",7
2010-06-15,"19,799999237060547",7
2010-06-16,"20,5",7
2010-06-17,"20,75",7
2010-06-18,"20,75",7
2010-06-21,"20,75",7
2010-06-22,"20,75",7
2010-06-23,"20,520000457763672",7
2010-06-24,"20,520000457763672",7
2010-06-25,"20,649999618530273",7
2010-06-28,"20,649999618530273",7
2010-06-29,"20,200000762939453",7
2010-06-30,"21,25",7
2010-07-01,"19,799999237060547",7
2010-07-02,"19,799999237060547",7
2010-07-06,"19,799999237060547",7
2010-07-07,"19,399999618530273",7
2010-07-08,"19,0",7
2010-07-09,"19,450000762939453",7
2010-07-12,"21,0",7
2010-07-13,"19,75",7
2010-07-14,"19,149999618530273",7
2010-07-15,"19,299999237060547",7
2010-07-16,"19,0",7
2010-07-19,"19,0",7
2010-07-20,"19,0",7
2010-07-21,"20,25",7
2010-07-22,"20,25",7
2010-07-23,"20,25",7
2010-07-26,"19,200000762939453",7
2010-07-27,"19,200000762939453",7
2010-07-28,"20,0",7
2010-07-29,"20,0",7
2010-07-30,"20,549999237060547",7
2010-08-02,"21,799999237060547",7
2010-08-03,"21,600000381469727",7
2010-08-04,"21,600000381469727",7
2010-08-05,"21,600000381469727",7
2010-08-06,"21,5",7
2010-08-09,"21,5",7
2010-08-10,"20,299999237060547",7
2010-08-11,"20,299999237060547",7
2010-08-12,"20,299999237060547",7
2010-08-13,"20,299999237060547",7
2010-08-16,"20,299999237060547",7
2010-08-17,"20,299999237060547",7
2010-08-18,"20,299999237060547",7
2010-08-19,"22,5",7
2010-08-20,"20,100000381469727",7
2010-08-23,"20,200000762939453",7
2010-08-24,"20,200000762939453",7
2010-08-25,"20,200000762939453",7
2010-08-26,"20,200000762939453",7
2010-08-27,"19,5",7
2010-08-30,"19,399999618530273",7
2010-08-31,"19,899999618530273",7
2010-09-01,"20,5",7
2010-09-02,"20,5",7
2010-09-03,"20,5",7
2010-09-07,"20,600000381469727",7
2010-09-08,"21,149999618530273",7
2010-09-09,"21,149999618530273",7
2010-09-10,"21,149999618530273",7
2010-09-13,"22,25",7
2010-09-14,"22,790000915527344",7
2010-09-15,"22,25",7
2010-09-16,"22,0",7
2010-09-17,"22,549999237060547",7
2010-09-20,"22,950000762939453",7
2010-09-21,"22,950000762939453",7
2010-09-22,"23,200000762939453",7
2010-09-23,"22,799999237060547",7
2010-09-24,"23,649999618530273",7
2010-09-27,"23,799999237060547",7
2010-09-28,"23,899999618530273",7
2010-09-29,"23,899999618530273",7
2010-09-30,"23,899999618530273",7
2010-10-01,"24,5",7
2010-10-04,"24,399999618530273",7
2010-10-05,"24,5",7
2010-10-06,"25,0",7
2010-10-07,"24,5",7
2010-10-08,"24,5",7
2010-10-11,"24,5",7
2010-10-12,"24,0",7
2010-10-13,"25,0",7
2010-10-14,"25,68000030517578",7
2010-10-15,"25,600000381469727",7
2010-10-18,"25,649999618530273",7
2010-10-19,"24,0",7
2010-10-20,"24,0",7
2010-10-21,"24,0",7
2010-10-22,"24,75",7
2010-10-25,"24,75",7
2010-10-26,"24,75",7
2010-10-27,"24,75",7
2010-10-28,"25,739999771118164",7
2010-10-29,"26,25",7
2010-11-01,"27,25",7
2010-11-02,"27,0",7
2010-11-03,"28,0",7
2010-11-04,"29,25",7
2010-11-05,"28,75",7
2010-11-08,"28,75",7
2010-11-09,"28,75",7
2010-11-10,"28,75",7
2010-11-11,"29,399999618530273",7
2010-11-12,"29,649999618530273",7
2010-11-15,"29,649999618530273",7
2010-11-16,"28,549999237060547",7
2010-11-17,"29,200000762939453",7
2010-11-18,"29,399999618530273",7
2010-11-19,"29,760000228881836",7
2010-11-22,"29,760000228881836",7
2010-11-23,"26,5",7
2010-11-24,"28,75",7
2010-11-26,"26,799999237060547",7
2010-11-29,"26,450000762939453",7
2010-11-30,"26,450000762939453",7
2010-12-01,"28,049999237060547",7
2010-12-02,"27,5",7
2010-12-03,"28,0",7
2010-12-06,"28,0",7
2010-12-07,"28,700000762939453",7
2010-12-08,"27,850000381469727",7
2010-12-09,"28,700000762939453",7
2010-12-10,"28,06999969482422",7
2010-12-13,"27,549999237060547",7
2010-12-14,"27,5",7
2010-12-15,"27,5",7
2010-12-16,"27,5",7
2010-12-17,"27,0",7
2010-12-20,"27,25",7
2010-12-21,"27,799999237060547",7
2010-12-22,"27,799999237060547",7
2010-12-23,"29,0",7
2010-12-27,"27,200000762939453",7
2010-12-28,"27,200000762939453",7
2010-12-29,"27,25",7
2010-12-30,"27,25",7
2010-12-31,"27,690000534057617",7
2011-01-03,"26,0",7
2011-01-04,"27,40999984741211",7
2011-01-05,"27,40999984741211",7
2011-01-06,"29,969999313354492",7
2011-01-07,"29,799999237060547",7
2011-01-10,"29,25",7
2011-01-11,"29,25",7
2011-01-12,"30,25",7
2011-01-13,"30,549999237060547",7
2011-01-14,"30,549999237060547",7
2011-01-18,"30,600000381469727",7
2011-01-19,"30,90999984741211",7
2011-01-20,"30,90999984741211",7
2011-01-21,"29,0",7
2011-01-24,"29,0",7
2011-01-25,"29,360000610351562",7
2011-01-26,"30,059999465942383",7
2011-01-27,"30,100000381469727",7
2011-01-28,"30,100000381469727",7
2011-01-31,"30,100000381469727",7
2011-02-01,"30,25",7
2011-02-02,"30,25",7
2011-02-03,"30,25",7
2011-02-04,"30,25",7
2011-02-07,"28,799999237060547",7
2011-02-08,"28,799999237060547",7
2011-02-09,"28,799999237060547",7
2011-02-10,"26,309999465942383",7
2011-02-11,"26,149999618530273",7
2011-02-14,"27,700000762939453",7
2011-02-15,"27,700000762939453",7
2011-02-16,"26,440000534057617",7
2011-02-17,"26,440000534057617",7
2011-02-18,"26,440000534057617",7
2011-02-22,"26,540000915527344",7
2011-02-23,"25,299999237060547",7
2011-02-24,"25,299999237060547",7
2011-02-25,"25,299999237060547",7
2011-02-28,"26,0",7
2011-03-01,"26,5",7
2011-03-02,"26,5",7
2011-03-03,"26,5",7
2011-03-04,"26,5",7
2011-03-07,"26,649999618530273",7
2011-03-08,"26,649999618530273",7
2011-03-09,"28,5",7
2011-03-10,"28,5",7
2011-03-11,"27,0",7
2011-03-14,"27,399999618530273",7
2011-03-15,"27,0",7
2011-03-16,"27,25",7
2011-03-17,"27,100000381469727",7
2011-03-18,"27,100000381469727",7
2011-03-21,"27,149999618530273",7
2011-03-22,"28,25",7
2011-03-23,"28,549999237060547",7
2011-03-24,"29,799999237060547",7
2011-03-25,"30,0",7
2011-03-28,"29,0",7
2011-03-29,"30,149999618530273",7
2011-03-30,"30,450000762939453",7
2011-03-31,"30,049999237060547",7
2011-04-01,"30,25",7
2011-04-04,"29,75",7
2011-04-05,"30,25",7
2011-04-06,"31,0",7
2011-04-07,"30,25",7
2011-04-08,"30,25",7
2011-04-11,"31,25",7
2011-04-12,"30,5",7
2011-04-13,"30,5",7
2011-04-14,"32,5",7
2011-04-15,"32,25",7
2011-04-18,"32,25",7
2011-04-19,"32,25",7
2011-04-20,"32,25",7
2011-04-21,"32,75",7
2011-04-25,"35,650001525878906",7
2011-04-26,"35,0",7
2011-04-27,"35,25",7
2011-04-28,"35,25",7
2011-04-29,"38,0",7
2011-05-02,"38,25",7
2011-05-03,"36,09000015258789",7
2011-05-04,"36,0",7
2011-05-05,"35,29999923706055",7
2011-05-06,"35,29999923706055",7
2011-05-09,"35,5",7
2011-05-10,"35,5",7
2011-05-11,"36,0",7
2011-05-12,"35,25",7
2011-05-13,"34,5",7
2011-05-16,"34,25",7
2011-05-17,"34,0",7
2011-05-18,"35,5",7
2011-05-19,"35,5",7
2011-05-20,"35,5",7
2011-05-23,"35,5",7
2011-05-24,"35,5",7
2011-05-25,"35,5",7
2011-05-26,"34,0",7
2011-05-27,"34,0",7
2011-05-31,"35,45000076293945",7
2011-06-01,"34,5",7
2011-06-02,"35,25",7
2011-06-03,"35,25",7
2011-06-06,"36,0",7
2011-06-07,"34,52000045776367",7
2011-06-08,"34,0",7
2011-06-09,"34,0",7
2011-06-10,"32,0",7
2011-06-13,"32,0",7
2011-06-14,"34,45000076293945",7
2011-06-15,"34,79999923706055",7
2011-06-16,"34,79999923706055",7
2011-06-17,"34,79999923706055",7
2011-06-20,"34,79999923706055",7
2011-06-21,"34,79999923706055",7
2011-06-22,"34,79999923706055",7
2011-06-23,"34,79999923706055",7
2011-06-24,"34,5",7
2011-06-27,"33,0",7
2011-06-28,"35,25",7
2011-06-29,"35,25",7
2011-06-30,"35,25",7
2011-07-01,"36,0",7
2011-07-05,"36,0",7
2011-07-06,"36,0",7
2011-07-07,"36,5",7
2011-07-08,"36,5",7
2011-07-11,"35,75",7
2011-07-12,"35,0",7
2011-07-13,"35,0",7
2011-07-14,"35,79999923706055",7
2011-07-15,"34,20000076293945",7
2011-07-18,"35,5",7
2011-07-19,"34,5",7
2011-07-20,"34,0",7
2011-07-21,"35,849998474121094",7
2011-07-22,"36,5",7
2011-07-25,"38,0",7
2011-07-26,"38,0",7
2011-07-27,"38,0",7
2011-07-28,"38,0",7
2011-07-29,"38,0",7
2011-08-01,"38,0",7
2011-08-02,"38,0",7
2011-08-03,"38,0",7
2011-08-04,"31,200000762939453",7
2011-08-05,"30,0",7
2011-08-08,"27,0",7
2011-08-09,"28,5",7
2011-08-10,"28,5",7
2011-08-11,"29,75",7
2011-08-12,"27,5",7
2011-08-15,"28,5",7
2011-08-16,"30,0",7
2011-08-17,"30,0",7
2011-08-18,"27,549999237060547",7
2011-08-19,"24,75",7
2011-08-22,"24,0",7
2011-08-23,"26,0",7
2011-08-24,"27,0",7
2011-08-25,"27,5",7
2011-08-26,"27,5",7
2011-08-29,"27,5",7
2011-08-30,"29,850000381469727",7
2011-08-31,"29,850000381469727",7
2011-09-01,"29,850000381469727",7
2011-09-02,"29,850000381469727",7
2011-09-06,"28,75",7
2011-09-07,"28,75",7
2011-09-08,"28,75",7
2011-09-09,"28,75",7
2011-09-12,"29,5",7
2011-09-13,"29,5",7
2011-09-14,"28,0",7
2011-09-15,"27,25",7
2011-09-16,"30,0",7
2011-09-19,"27,5",7
2011-09-20,"27,5",7
2011-09-21,"27,5",7
2011-09-22,"26,0",7
2011-09-23,"25,25",7
2011-09-26,"26,25",7
2011-09-27,"26,25",7
2011-09-28,"26,25",7
2011-09-29,"26,25",7
2011-09-30,"26,25",7
2011-10-03,"26,25",7
2011-10-04,"26,25",7
2011-10-05,"26,25",7
2011-10-06,"26,149999618530273",7
2011-10-07,"26,200000762939453",7
2011-10-10,"26,200000762939453",7
2011-10-11,"26,75",7
2011-10-12,"26,75",7
2011-10-13,"29,0",7
2011-10-14,"32,0",7
2011-10-17,"28,5",7
2011-10-18,"28,5",7
2011-10-19,"28,5",7
2011-10-20,"30,0",7
2011-10-21,"30,0",7
2011-10-24,"30,0",7
2011-10-25,"30,649999618530273",7
2011-10-26,"30,5",7
2011-10-27,"30,0",7
2011-10-28,"30,0",7
2011-10-31,"30,600000381469727",7
2011-11-01,"31,350000381469727",7
2011-11-02,"30,5",7
2011-11-03,"30,5",7
2011-11-04,"31,700000762939453",7
2011-11-07,"31,5",7
2011-11-08,"31,850000381469727",7
2011-11-09,"26,0",7
2011-11-10,"30,84000015258789",7
2011-11-11,"30,84000015258789",7
2011-11-14,"30,0",7
2011-11-15,"30,0",7
2011-11-16,"31,5",7
2011-11-17,"31,5",7
2011-11-18,"31,5",7
2011-11-21,"31,5",7
2011-11-22,"28,850000381469727",7
2011-11-23,"30,0",7
2011-11-25,"30,0",7
2011-11-28,"28,399999618530273",7
2011-11-29,"28,399999618530273",7
2011-11-30,"29,0",7
2011-12-01,"30,25",7
2011-12-02,"30,25",7
2011-12-05,"29,850000381469727",7
2011-12-06,"28,850000381469727",7
2011-12-07,"28,850000381469727",7
2011-12-08,"29,5",7
2011-12-09,"28,75",7
2011-12-12,"27,0",7
2011-12-13,"26,280000686645508",7
2011-12-14,"25,5",7
2011-12-15,"25,950000762939453",7
2011-12-16,"25,950000762939453",7
2011-12-19,"25,950000762939453",7
2011-12-20,"25,75",7
2011-12-21,"25,75",7
2011-12-22,"26,950000762939453",7
2011-12-23,"28,0",7
2011-12-27,"28,0",7
2011-12-28,"28,0",7
2011-12-29,"25,25",7
2011-12-30,"25,25",7
2012-01-03,"25,25",7
2012-01-04,"28,350000381469727",7
2012-01-05,"28,5",7
2012-01-06,"28,5",7
2012-01-09,"28,75",7
2012-01-10,"28,850000381469727",7
2012-01-11,"28,700000762939453",7
2012-01-12,"29,299999237060547",7
2012-01-13,"29,299999237060547",7
2012-01-17,"29,049999237060547",7
2012-01-18,"28,75",7
2012-01-19,"29,75",7
2012-01-20,"29,75",7
2012-01-23,"30,5",7
2012-01-24,"30,5",7
2012-01-25,"30,5",7
2012-01-26,"29,25",7
2012-01-27,"29,5",7
2012-01-30,"29,5",7
2012-01-31,"28,600000381469727",7
2012-02-01,"30,0",7
2012-02-02,"29,850000381469727",7
2012-02-03,"29,5",7
2012-02-06,"28,75",7
2012-02-07,"28,899999618530273",7
2012-02-08,"28,899999618530273",7
2012-02-09,"29,0",7
2012-02-10,"29,0",7
2012-02-13,"29,5",7
2012-02-14,"29,25",7
2012-02-15,"29,25",7
2012-02-16,"29,25",7
2012-02-17,"29,25",7
2012-02-21,"29,25",7
2012-02-22,"29,25",7
2012-02-23,"29,25",7
2012-02-24,"29,5",7
2012-02-27,"28,25",7
2012-02-28,"27,950000762939453",7
2012-02-29,"28,0",7
2012-03-01,"29,25",7
2012-03-02,"28,600000381469727",7
2012-03-05,"29,5",7
2012-03-06,"29,0",7
2012-03-07,"28,25",7
2012-03-08,"29,649999618530273",7
2012-03-09,"29,5",7
2012-03-12,"30,25",7
2012-03-13,"29,1200008392334",7
2012-03-14,"29,149999618530273",7
2012-03-15,"29,149999618530273",7
2012-03-16,"28,5",7
2012-03-19,"29,450000762939453",7
2012-03-20,"28,5",7
2012-03-21,"28,399999618530273",7
2012-03-22,"27,5",7
2012-03-23,"29,5",7
2012-03-26,"29,5",7
2012-03-27,"28,649999618530273",7
2012-03-28,"30,25",7
2012-03-29,"30,25",7
2012-03-30,"29,350000381469727",7
2012-04-02,"29,350000381469727",7
2012-04-03,"31,149999618530273",7
2012-04-04,"30,649999618530273",7
2012-04-05,"33,25",7
2012-04-09,"33,25",7
2012-04-10,"32,25",7
2012-04-11,"31,5",7
2012-04-12,"31,75",7
2012-04-13,"30,5",7
2012-04-16,"31,549999237060547",7
2012-04-17,"31,75",7
2012-04-18,"31,75",7
2012-04-19,"31,75",7
2012-04-20,"31,75",7
2012-04-23,"31,75",7
2012-04-24,"32,0",7
2012-04-25,"31,709999084472656",7
2012-04-26,"32,75",7
2012-04-27,"32,75",7
2012-04-30,"32,75",7
2012-05-01,"32,75",7
2012-05-02,"32,5",7
2012-05-03,"32,349998474121094",7
2012-05-04,"31,75",7
2012-05-07,"31,75",7
2012-05-08,"31,75",7
2012-05-09,"31,5",7
2012-05-10,"31,25",7
2012-05-11,"30,25",7
2012-05-14,"30,850000381469727",7
2012-05-15,"30,850000381469727",7
2012-05-16,"28,899999618530273",7
2012-05-17,"28,450000762939453",7
2012-05-18,"28,950000762939453",7
2012-05-21,"28,899999618530273",7
2012-05-22,"29,350000381469727",7
2012-05-23,"28,25",7
2012-05-24,"28,25",7
2012-05-25,"28,25",7
2012-05-29,"28,700000762939453",7
2012-05-30,"30,0",7
2012-05-31,"30,0",7
2012-06-01,"30,0",7
2012-06-04,"30,0",7
2012-06-05,"30,0",7
2012-06-06,"27,5",7
2012-06-07,"27,5",7
2012-06-08,"28,1200008392334",7
2012-06-11,"28,899999618530273",7
2012-06-12,"28,649999618530273",7
2012-06-13,"28,850000381469727",7
2012-06-14,"28,850000381469727",7
2012-06-15,"28,850000381469727",7
2012-06-18,"28,850000381469727",7
2012-06-19,"28,850000381469727",7
2012-06-20,"30,5",7
2012-06-21,"29,350000381469727",7
2012-06-22,"29,5",7
2012-06-25,"29,5",7
2012-06-26,"28,25",7
2012-06-27,"28,25",7
2012-06-28,"28,25",7
2012-06-29,"28,700000762939453",7
2012-07-02,"28,700000762939453",7
2012-07-03,"29,25",7
2012-07-05,"29,25",7
2012-07-06,"29,25",7
2012-07-09,"28,649999618530273",7
2012-07-10,"28,799999237060547",7
2012-07-11,"28,799999237060547",7
2012-07-12,"28,799999237060547",7
2012-07-13,"29,0",7
2012-07-16,"29,0",7
2012-07-17,"29,0",7
2012-07-18,"29,0",7
2012-07-19,"29,0",7
2012-07-20,"29,0",7
2012-07-23,"29,0",7
2012-07-24,"29,0",7
2012-07-25,"28,0",7
2012-07-26,"28,0",7
2012-07-27,"28,0",7
2012-07-30,"27,75",7
2012-07-31,"27,75",7
2012-08-01,"28,299999237060547",7
2012-08-02,"28,75",7
2012-08-03,"28,5",7
2012-08-06,"28,5",7
2012-08-07,"29,25",7
2012-08-08,"29,399999618530273",7
2012-08-09,"30,200000762939453",7
2012-08-10,"30,200000762939453",7
2012-08-13,"30,200000762939453",7
2012-08-14,"29,0",7
2012-08-15,"29,0",7
2012-08-16,"30,450000762939453",7
2012-08-17,"30,0",7
2012-08-20,"30,0",7
2012-08-21,"29,75",7
2012-08-22,"29,75",7
2012-08-23,"30,5",7
2012-08-24,"29,5",7
2012-08-27,"29,5",7
2012-08-28,"29,5",7
2012-08-29,"29,5",7
2012-08-30,"29,5",7
2012-08-31,"30,049999237060547",7
2012-09-04,"30,049999237060547",7
2012-09-05,"28,25",7
2012-09-06,"28,25",7
2012-09-07,"28,25",7
2012-09-10,"28,25",7
2012-09-11,"28,25",7
2012-09-12,"28,25",7
2012-09-13,"30,5",7
2012-09-14,"31,75",7
2012-09-17,"31,600000381469727",7
2012-09-18,"31,600000381469727",7
2012-09-19,"31,200000762939453",7
2012-09-20,"31,200000762939453",7
2012-09-21,"30,5",7
2012-09-24,"30,5",7
2012-09-25,"30,5",7
2012-09-26,"30,5",7
2012-09-27,"30,5",7
2012-09-28,"30,5",7
2012-10-01,"30,5",7
2012-10-02,"30,5",7
2012-10-03,"30,5",7
2012-10-04,"30,5",7
2012-10-05,"32,0",7
2012-10-08,"30,0",7
2012-10-09,"30,0",7
2012-10-10,"30,0",7
2012-10-11,"30,25",7
2012-10-12,"30,25",7
2012-10-15,"30,25",7
2012-10-16,"30,25",7
2012-10-17,"30,209999084472656",7
2012-10-18,"30,209999084472656",7
2012-10-19,"30,209999084472656",7
2012-10-22,"30,049999237060547",7
2012-10-23,"30,049999237060547",7
2012-10-24,"29,75",7
2012-10-25,"29,5",7
2012-10-26,"29,5",7
2012-10-31,"29,5",7
2012-11-01,"29,5",7
2012-11-02,"29,5",7
2012-11-05,"28,0",7
2012-11-06,"29,25",7
2012-11-07,"29,200000762939453",7
2012-11-08,"30,100000381469727",7
2012-11-09,"30,0",7
2012-11-12,"30,0",7
2012-11-13,"30,0",7
2012-11-14,"29,75",7
2012-11-15,"29,25",7
2012-11-16,"30,399999618530273",7
2012-11-19,"31,5",7
2012-11-20,"31,5",7
2012-11-21,"31,350000381469727",7
2012-11-23,"31,350000381469727",7
2012-11-26,"32,0",7
2012-11-27,"33,5",7
2012-11-28,"33,290000915527344",7
2012-11-29,"34,0",7
2012-11-30,"32,75",7
2012-12-03,"33,25",7
2012-12-04,"34,349998474121094",7
2012-12-05,"34,349998474121094",7
2012-12-06,"34,25",7
2012-12-07,"33,11000061035156",7
2012-12-10,"33,0",7
2012-12-11,"33,0",7
2012-12-12,"33,0",7
2012-12-13,"33,0",7
2012-12-14,"33,0",7
2012-12-17,"32,400001525878906",7
2012-12-18,"32,400001525878906",7
2012-12-19,"32,400001525878906",7
2012-12-20,"33,79999923706055",7
2012-12-21,"32,400001525878906",7
2012-12-24,"32,400001525878906",7
2012-12-26,"32,0",7
2012-12-27,"32,04999923706055",7
2012-12-28,"30,149999618530273",7
2012-12-31,"30,149999618530273",7
2013-01-02,"33,25",7
2013-01-03,"32,0",7
2013-01-04,"30,5",7
2013-01-07,"30,5",7
2013-01-08,"30,5",7
2013-01-09,"30,5",7
2013-01-10,"30,5",7
2013-01-11,"30,5",7
2013-01-14,"30,5",7
2013-01-15,"30,5",7
2013-01-16,"31,649999618530273",7
2013-01-17,"33,45000076293945",7
2013-01-18,"32,5",7
2013-01-22,"32,5",7
2013-01-23,"32,25",7
2013-01-24,"31,5",7
2013-01-25,"31,0",7
2013-01-28,"31,0",7
2013-01-29,"31,0",7
2013-01-30,"31,0",7
2013-01-31,"31,700000762939453",7
2013-02-01,"31,700000762939453",7
2013-02-04,"31,850000381469727",7
2013-02-05,"32,04999923706055",7
2013-02-06,"32,04999923706055",7
2013-02-07,"30,5",7
2013-02-08,"30,5",7
2013-02-11,"30,5",7
2013-02-12,"30,5",7
2013-02-13,"33,0",7
2013-02-14,"32,5",7
2013-02-15,"32,5",7
2013-02-19,"32,5",7
2013-02-20,"32,25",7
2013-02-21,"31,579999923706055",7
2013-02-22,"31,579999923706055",7
2013-02-25,"32,5",7
2013-02-26,"32,5",7
2013-02-27,"32,29999923706055",7
2013-02-28,"33,20000076293945",7
2013-03-01,"33,20000076293945",7
2013-03-04,"33,20000076293945",7
2013-03-05,"33,25",7
2013-03-06,"33,0",7
2013-03-07,"33,0",7
2013-03-08,"33,0",7
2013-03-11,"33,0",7
2013-03-12,"33,0",7
2013-03-13,"33,0",7
2013-03-14,"31,450000762939453",7
2013-03-15,"31,450000762939453",7
2013-03-18,"31,450000762939453",7
2013-03-19,"31,450000762939453",7
2013-03-20,"33,72999954223633",7
2013-03-21,"33,75",7
2013-03-22,"34,0",7
2013-03-25,"34,5",7
2013-03-26,"35,5",7
2013-03-27,"35,0",7
2013-03-28,"35,08000183105469",7
2013-04-01,"35,08000183105469",7
2013-04-02,"34,75",7
2013-04-03,"34,75",7
2013-04-04,"32,5",7
2013-04-05,"32,0",7
2013-04-08,"30,799999237060547",7
2013-04-09,"32,5",7
2013-04-10,"34,04999923706055",7
2013-04-11,"34,04999923706055",7
2013-04-12,"34,04999923706055",7
2013-04-15,"32,599998474121094",7
2013-04-16,"33,56999969482422",7
2013-04-17,"33,56999969482422",7
2013-04-18,"33,849998474121094",7
2013-04-19,"32,369998931884766",7
2013-04-22,"32,369998931884766",7
2013-04-23,"32,369998931884766",7
2013-04-24,"34,0",7
2013-04-25,"35,0",7
2013-04-26,"33,25",7
2013-04-29,"34,5",7
2013-04-30,"34,5",7
2013-05-01,"34,5",7
2013-05-02,"36,0",7
2013-05-03,"36,0",7
2013-05-06,"35,5",7
2013-05-07,"36,0",7
2013-05-08,"36,599998474121094",7
2013-05-09,"36,25",7
2013-05-10,"34,75",7
2013-05-13,"34,75",7
2013-05-14,"36,75",7
2013-05-15,"36,75",7
2013-05-16,"36,0",7
2013-05-17,"36,0",7
2013-05-20,"36,0",7
2013-05-21,"39,68000030517578",7
2013-05-22,"40,79999923706055",7
2013-05-23,"40,79999923706055",7
2013-05-24,"40,0",7
2013-05-28,"42,75",7
2013-05-29,"42,75",7
2013-05-30,"41,25",7
2013-05-31,"41,25",7
2013-06-03,"41,25",7
2013-06-04,"40,150001525878906",7
2013-06-05,"40,150001525878906",7
2013-06-06,"40,25",7
2013-06-07,"39,650001525878906",7
2013-06-10,"39,79999923706055",7
2013-06-11,"39,79999923706055",7
2013-06-12,"39,75",7
2013-06-13,"39,75",7
2013-06-14,"39,0",7
2013-06-17,"39,9900016784668",7
2013-06-18,"39,9900016784668",7
2013-06-19,"39,9900016784668",7
2013-06-20,"39,9900016784668",7
2013-06-21,"39,9900016784668",7
2013-06-24,"39,099998474121094",7
2013-06-25,"40,529998779296875",7
2013-06-26,"40,529998779296875",7
2013-06-27,"40,529998779296875",7
2013-06-28,"40,529998779296875",7
2013-07-01,"43,310001373291016",7
2013-07-02,"43,310001373291016",7
2013-07-03,"39,86000061035156",7
2013-07-05,"39,86000061035156",7
2013-07-08,"38,54999923706055",7
2013-07-09,"39,150001525878906",7
2013-07-10,"39,150001525878906",7
2013-07-11,"40,5",7
2013-07-12,"40,5",7
2013-07-15,"40,5",7
2013-07-16,"40,54999923706055",7
2013-07-17,"40,54999923706055",7
2013-07-18,"40,54999923706055",7
2013-07-19,"40,54999923706055",7
2013-07-22,"40,95000076293945",7
2013-07-23,"40,95000076293945",7
2013-07-24,"40,95000076293945",7
2013-07-25,"40,95000076293945",7
2013-07-26,"40,95000076293945",7
2013-07-29,"43,349998474121094",7
2013-07-30,"44,5",7
2013-07-31,"44,099998474121094",7
2013-08-01,"44,099998474121094",7
2013-08-02,"44,099998474121094",7
2013-08-05,"46,54999923706055",7
2013-08-06,"47,599998474121094",7
2013-08-07,"46,25",7
2013-08-08,"46,25",7
2013-08-09,"46,25",7
2013-08-12,"46,25",7
2013-08-13,"46,25",7
2013-08-14,"48,25",7
2013-08-15,"44,0",7
2013-08-16,"44,0",7
2013-08-19,"48,0",7
2013-08-20,"46,25",7
2013-08-21,"45,25",7
2013-08-22,"46,0",7
2013-08-23,"44,0",7
2013-08-26,"44,0",7
2013-08-27,"45,75",7
2013-08-28,"45,47999954223633",7
2013-08-29,"45,47999954223633",7
2013-08-30,"45,47999954223633",7
2013-09-03,"46,70000076293945",7
2013-09-04,"48,20000076293945",7
2013-09-05,"48,5",7
2013-09-06,"48,0",7
2013-09-09,"48,75",7
2013-09-10,"49,5",7
2013-09-11,"49,5",7
2013-09-12,"49,5",7
2013-09-13,"48,0",7
2013-09-16,"48,0",7
2013-09-17,"50,349998474121094",7
2013-09-18,"50,349998474121094",7
2013-09-19,"49,70000076293945",7
2013-09-20,"51,75",7
2013-09-23,"49,959999084472656",7
2013-09-24,"50,54999923706055",7
2013-09-25,"52,0",7
2013-09-26,"52,79999923706055",7
2013-09-27,"52,79999923706055",7
2013-09-30,"52,79999923706055",7
2013-10-01,"51,0",7
2013-10-02,"49,0",7
2013-10-03,"49,849998474121094",7
2013-10-04,"50,75",7
2013-10-07,"49,5",7
2013-10-08,"52,25",7
2013-10-09,"51,5",7
2013-10-10,"53,0",7
2013-10-11,"53,0",7
2013-10-14,"51,5",7
2013-10-15,"52,95000076293945",7
2013-10-16,"52,20000076293945",7
2013-10-17,"52,20000076293945",7
2013-10-18,"51,93000030517578",7
2013-10-21,"51,93000030517578",7
2013-10-22,"51,93000030517578",7
2013-10-23,"52,560001373291016",7
2013-10-24,"53,349998474121094",7
2013-10-25,"53,349998474121094",7
2013-10-28,"55,459999084472656",7
2013-10-29,"55,459999084472656",7
2013-10-30,"54,95000076293945",7
2013-10-31,"54,47999954223633",7
2013-11-01,"54,47999954223633",7
2013-11-04,"54,47999954223633",7
2013-11-05,"57,70000076293945",7
2013-11-06,"59,0",7
2013-11-07,"59,0",7
2013-11-08,"56,54999923706055",7
2013-11-11,"57,5",7
2013-11-12,"57,5",7
2013-11-13,"57,5",7
2013-11-14,"57,5",7
2013-11-15,"57,5",7
2013-11-18,"59,099998474121094",7
2013-11-19,"59,099998474121094",7
2013-11-20,"59,099998474121094",7
2013-11-21,"59,099998474121094",7
2013-11-22,"59,099998474121094",7
2013-11-25,"59,099998474121094",7
2013-11-26,"57,150001525878906",7
2013-11-27,"59,25",7
2013-11-29,"59,25",7
2013-12-02,"60,0",7
2013-12-03,"57,0",7
2013-12-04,"54,04999923706055",7
2013-12-05,"56,0",7
2013-12-06,"56,40999984741211",7
2013-12-09,"60,0",7
2013-12-10,"55,79999923706055",7
2013-12-11,"55,79999923706055",7
2013-12-12,"55,79999923706055",7
2013-12-13,"58,650001525878906",7
2013-12-16,"59,900001525878906",7
2013-12-17,"58,45000076293945",7
2013-12-18,"58,619998931884766",7
2013-12-19,"58,619998931884766",7
2013-12-20,"58,619998931884766",7
2013-12-23,"58,619998931884766",7
2013-12-24,"58,0",7
2013-12-26,"58,0",7
2013-12-27,"58,0",7
2013-12-30,"58,0",7
2013-12-31,"58,0",7
2014-01-02,"57,150001525878906",7
2014-01-03,"57,150001525878906",7
2014-01-06,"57,150001525878906",7
2014-01-07,"57,150001525878906",7
2014-01-08,"58,25",7
2014-01-09,"58,25",7
2014-01-10,"58,25",7
2014-01-13,"57,70000076293945",7
2014-01-14,"57,70000076293945",7
2014-01-15,"55,54999923706055",7
2014-01-16,"55,54999923706055",7
2014-01-17,"54,599998474121094",7
2014-01-21,"54,0",7
2014-01-22,"54,0",7
2014-01-23,"53,349998474121094",7
2014-01-24,"53,349998474121094",7
2014-01-27,"52,0099983215332",7
2014-01-28,"55,0",7
2014-01-29,"55,5",7
2014-01-30,"55,29999923706055",7
2014-01-31,"55,29999923706055",7
2014-02-03,"55,95000076293945",7
2014-02-04,"55,95000076293945",7
2014-02-05,"56,0",7
2014-02-06,"55,5",7
2014-02-07,"55,0",7
2014-02-10,"56,400001525878906",7
2014-02-11,"56,400001525878906",7
2014-02-12,"57,5",7
2014-02-13,"58,25",7
2014-02-14,"60,0",7
2014-02-18,"59,75",7
2014-02-19,"59,29999923706055",7
2014-02-20,"58,650001525878906",7
2014-02-21,"58,650001525878906",7
2014-02-24,"59,900001525878906",7
2014-02-25,"59,900001525878906",7
2014-02-26,"59,900001525878906",7
2014-02-27,"63,29999923706055",7
2014-02-28,"45,0",7
2014-03-03,"45,0",7
2014-03-04,"64,1500015258789",7
2014-03-05,"62,54999923706055",7
2014-03-06,"64,44999694824219",7
2014-03-07,"62,79999923706055",7
2014-03-10,"62,79999923706055",7
2014-03-11,"62,79999923706055",7
2014-03-12,"62,38999938964844",7
2014-03-13,"61,150001525878906",7
2014-03-14,"61,150001525878906",7
2014-03-17,"61,150001525878906",7
2014-03-18,"61,150001525878906",7
2014-03-19,"61,150001525878906",7
2014-03-20,"61,150001525878906",7
2014-03-21,"61,150001525878906",7
2014-03-24,"61,150001525878906",7
2014-03-25,"57,0",7
2014-03-26,"57,0",7
2014-03-27,"57,0",7
2014-03-28,"61,5",7
2014-03-31,"61,5",7
2014-04-01,"63,0",7
2014-04-02,"63,0",7
2014-04-03,"63,0",7
2014-04-04,"63,0",7
2014-04-07,"63,0",7
2014-04-08,"63,5",7
2014-04-09,"63,5",7
2014-04-10,"63,5",7
2014-04-11,"64,0",7
2014-04-14,"65,5",7
2014-04-15,"65,0",7
2014-04-16,"65,0999984741211",7
2014-04-17,"63,0",7
2014-04-21,"63,0",7
2014-04-22,"65,0",7
2014-04-23,"65,0",7
2014-04-24,"64,0199966430664",7
2014-04-25,"64,0199966430664",7
2014-04-28,"64,0199966430664",7
2014-04-29,"64,0199966430664",7
2014-04-30,"64,0199966430664",7
2014-05-01,"64,0199966430664",7
2014-05-02,"62,0",7
2014-05-05,"62,0",7
2014-05-06,"63,75",7
2014-05-07,"62,04999923706055",7
2014-05-08,"62,04999923706055",7
2014-05-09,"62,04999923706055",7
2014-05-12,"65,0",7
2014-05-13,"65,5",7
2014-05-14,"65,5",7
2014-05-15,"67,25",7
2014-05-16,"67,25",7
2014-05-19,"67,5",7
2014-05-20,"67,5",7
2014-05-21,"71,0",7
2014-05-22,"71,0",7
2014-05-23,"71,0",7
2014-05-27,"70,0",7
2014-05-28,"70,0",7
2014-05-29,"70,0",7
2014-05-30,"70,0",7
2014-06-02,"70,0",7
2014-06-03,"70,0",7
2014-06-04,"70,0",7
2014-06-05,"73,5",7
2014-06-06,"73,5",7
2014-06-09,"73,5",7
2014-06-10,"73,5",7
2014-06-11,"73,5",7
2014-06-12,"73,5",7
2014-06-13,"73,5",7
2014-06-16,"73,5",7
2014-06-17,"73,5",7
2014-06-18,"73,5",7
2014-06-19,"72,5",7
2014-06-20,"73,4000015258789",7
2014-06-23,"73,4000015258789",7
2014-06-24,"73,29000091552734",7
2014-06-25,"73,30000305175781",7
2014-06-26,"73,30000305175781",7
2014-06-27,"75,0",7
2014-06-30,"75,0",7
2014-07-01,"75,0",7
2014-07-02,"75,69999694824219",7
2014-07-03,"75,69999694824219",7
2014-07-07,"75,69999694824219",7
2014-07-08,"73,33999633789062",7
2014-07-09,"73,44999694824219",7
2014-07-10,"73,44999694824219",7
2014-07-11,"73,44999694824219",7
2014-07-14,"74,0",7
2014-07-15,"74,0",7
2014-07-16,"75,29000091552734",7
2014-07-17,"76,0",7
2014-07-18,"75,22000122070312",7
2014-07-21,"76,25",7
2014-07-22,"76,25",7
2014-07-23,"73,9800033569336",7
2014-07-24,"73,9800033569336",7
2014-07-25,"73,9800033569336",7
2014-07-28,"73,94999694824219",7
2014-07-29,"73,25",7
2014-07-30,"73,25",7
2014-07-31,"78,80000305175781",7
2014-08-01,"80,0",7
2014-08-04,"77,0",7
2014-08-05,"77,0",7
2014-08-06,"77,0",7
2014-08-07,"77,0",7
2014-08-08,"77,0",7
2014-08-11,"77,0",7
2014-08-12,"78,0",7
2014-08-13,"74,5",7
2014-08-14,"74,5",7
2014-08-15,"74,5",7
2014-08-18,"77,5",7
2014-08-19,"78,05000305175781",7
2014-08-20,"73,5",7
2014-08-21,"73,5",7
2014-08-22,"73,5",7
2014-08-25,"73,5",7
2014-08-26,"74,3499984741211",7
2014-08-27,"71,5999984741211",7
2014-08-28,"71,5999984741211",7
2014-08-29,"73,0",7
2014-09-02,"71,80000305175781",7
2014-09-03,"71,80000305175781",7
2014-09-04,"71,80000305175781",7
2014-09-05,"71,80000305175781",7
2014-09-08,"71,80000305175781",7
2014-09-09,"71,80000305175781",7
2014-09-10,"66,5",7
2014-09-11,"66,5",7
2014-09-12,"70,0",7
2014-09-15,"70,0",7
2014-09-16,"69,4000015258789",7
2014-09-17,"69,4000015258789",7
2014-09-18,"69,4000015258789",7
2014-09-19,"59,0",7
2014-09-22,"63,400001525878906",7
2014-09-23,"63,400001525878906",7
2014-09-24,"63,400001525878906",7
2014-09-25,"63,400001525878906",7
2014-09-26,"56,349998474121094",7
2014-09-29,"56,349998474121094",7
2014-09-30,"56,349998474121094",7
2014-10-01,"56,349998474121094",7
2014-10-02,"52,0",7
2014-10-03,"54,0",7
2014-10-06,"54,0",7
2014-10-07,"53,0",7
2014-10-08,"51,20000076293945",7
2014-10-09,"51,20000076293945",7
2014-10-10,"51,0",7
2014-10-13,"51,79999923706055",7
2014-10-14,"51,79999923706055",7
2014-10-15,"52,0",7
2014-10-16,"50,599998474121094",7
2014-10-17,"49,400001525878906",7
2014-10-20,"51,150001525878906",7
2014-10-21,"51,150001525878906",7
2014-10-22,"51,150001525878906",7
2014-10-23,"51,150001525878906",7
2014-10-24,"57,5",7
2014-10-27,"57,5",7
2014-10-28,"57,5",7
2014-10-29,"57,5",7
2014-10-30,"57,70000076293945",7
2014-10-31,"57,70000076293945",7
2014-11-03,"57,70000076293945",7
2014-11-04,"57,70000076293945",7
2014-11-05,"57,70000076293945",7
2014-11-06,"55,75",7
2014-11-07,"55,79999923706055",7
2014-11-10,"55,79999923706055",7
2014-11-11,"59,599998474121094",7
2014-11-12,"59,599998474121094",7
2014-11-13,"59,5099983215332",7
2014-11-14,"59,5099983215332",7
2014-11-17,"58,54999923706055",7
2014-11-18,"58,54999923706055",7
2014-11-19,"56,119998931884766",7
2014-11-20,"56,349998474121094",7
2014-11-21,"55,650001525878906",7
2014-11-24,"58,25",7
2014-11-25,"57,349998474121094",7
2014-11-26,"55,560001373291016",7
2014-11-28,"55,560001373291016",7
2014-12-01,"55,560001373291016",7
2014-12-02,"56,0",7
2014-12-03,"56,0",7
2014-12-04,"56,0",7
2014-12-05,"56,0",7
2014-12-08,"56,0",7
2014-12-09,"57,650001525878906",7
2014-12-10,"57,650001525878906",7
2014-12-11,"55,75",7
2014-12-12,"54,04999923706055",7
2014-12-15,"54,45000076293945",7
2014-12-16,"57,0",7
2014-12-17,"57,0",7
2014-12-18,"54,0",7
2014-12-19,"56,75",7
2014-12-22,"56,099998474121094",7
2014-12-23,"56,099998474121094",7
2014-12-24,"56,099998474121094",7
2014-12-26,"57,5",7
2014-12-29,"57,5",7
2014-12-30,"57,5",7
2014-12-31,"56,75",7
2015-01-02,"56,75",7
2015-01-05,"56,5",7
2015-01-06,"55,27000045776367",7
2015-01-07,"56,20000076293945",7
2015-01-08,"57,25",7
2015-01-09,"58,25",7
2015-01-12,"58,25",7
2015-01-13,"58,5",7
2015-01-14,"57,54999923706055",7
2015-01-15,"55,75",7
2015-01-16,"55,2599983215332",7
2015-01-20,"56,25",7
2015-01-21,"56,25",7
2015-01-22,"55,650001525878906",7
2015-01-23,"55,75",7
2015-01-26,"55,04999923706055",7
2015-01-27,"55,04999923706055",7
2015-01-28,"55,04999923706055",7
2015-01-29,"53,25",7
2015-01-30,"53,04999923706055",7
2015-02-02,"53,04999923706055",7
2015-02-03,"53,04999923706055",7
2015-02-04,"52,599998474121094",7
2015-02-05,"52,599998474121094",7
2015-02-06,"49,099998474121094",7
2015-02-09,"48,75",7
2015-02-10,"48,25",7
2015-02-11,"47,75",7
2015-02-12,"47,75",7
2015-02-13,"49,20000076293945",7
2015-02-17,"49,20000076293945",7
2015-02-18,"49,75",7
2015-02-19,"49,75",7
2015-02-20,"49,75",7
2015-02-23,"49,75",7
2015-02-24,"49,599998474121094",7
2015-02-25,"48,95000076293945",7
2015-02-26,"48,95000076293945",7
2015-02-27,"48,95000076293945",7
2015-03-02,"48,95000076293945",7
2015-03-03,"48,95000076293945",7
2015-03-04,"48,95000076293945",7
2015-03-05,"48,95000076293945",7
2015-03-06,"49,599998474121094",7
2015-03-09,"49,63999938964844",7
2015-03-10,"49,63999938964844",7
2015-03-11,"48,5",7
2015-03-12,"49,0",7
2015-03-13,"49,0",7
2015-03-16,"50,0",7
2015-03-17,"50,0",7
2015-03-18,"50,0",7
2015-03-19,"50,0",7
2015-03-20,"50,91999816894531",7
2015-03-23,"50,5",7
2015-03-24,"49,5",7
2015-03-25,"49,5",7
2015-03-26,"49,5",7
2015-03-27,"49,5",7
2015-03-30,"49,5",7
2015-03-31,"49,5",7
2015-04-01,"49,5",7
2015-04-02,"49,5",7
2015-04-06,"49,5",7
2015-04-07,"49,5",7
2015-04-08,"49,5",7
2015-04-09,"48,54999923706055",7
2015-04-10,"48,54999923706055",7
2015-04-13,"48,54999923706055",7
2015-04-14,"48,54999923706055",7
2015-04-15,"48,54999923706055",7
2015-04-16,"48,54999923706055",7
2015-04-17,"52,7599983215332",7
2015-04-20,"52,7599983215332",7
2015-04-21,"52,7599983215332",7
2015-04-22,"52,7599983215332",7
2015-04-23,"52,7599983215332",7
2015-04-24,"55,599998474121094",7
2015-04-27,"58,5",7
2015-04-28,"55,79999923706055",7
2015-04-29,"55,79999923706055",7
2015-04-30,"56,0",7
2015-05-01,"54,0",7
2015-05-04,"56,150001525878906",7
2015-05-05,"56,150001525878906",7
2015-05-06,"55,5",7
2015-05-07,"52,5",7
2015-05-08,"54,0",7
2015-05-11,"54,0",7
2015-05-12,"52,0",7
2015-05-13,"50,20000076293945",7
2015-05-14,"50,400001525878906",7
2015-05-15,"54,0",7
2015-05-18,"52,470001220703125",7
2015-05-19,"52,470001220703125",7
2015-05-20,"52,470001220703125",7
2015-05-21,"52,470001220703125",7
2015-05-22,"52,470001220703125",7
2015-05-26,"52,470001220703125",7
2015-05-27,"53,0",7
2015-05-28,"52,25",7
2015-05-29,"52,25",7
2015-06-01,"52,25",7
2015-06-02,"47,75",7
2015-06-03,"48,0",7
2015-06-04,"50,099998474121094",7
2015-06-05,"47,650001525878906",7
2015-06-08,"50,099998474121094",7
2015-06-09,"46,130001068115234",7
2015-06-10,"46,79999923706055",7
2015-06-11,"46,5",7
2015-06-12,"46,5",7
2015-06-15,"44,52000045776367",7
2015-06-16,"45,41999816894531",7
2015-06-17,"44,400001525878906",7
2015-06-18,"44,400001525878906",7
2015-06-19,"44,400001525878906",7
2015-06-22,"44,400001525878906",7
2015-06-23,"44,5",7
2015-06-24,"45,0",7
2015-06-25,"45,0",7
2015-06-26,"45,0",7
2015-06-29,"45,0",7
2015-06-30,"46,29999923706055",7
2015-07-01,"46,29999923706055",7
2015-07-02,"46,29999923706055",7
2015-07-06,"46,29999923706055",7
2015-07-07,"46,29999923706055",7
2015-07-08,"46,29999923706055",7
2015-07-09,"38,099998474121094",7
2015-07-10,"38,099998474121094",7
2015-07-13,"38,099998474121094",7
2015-07-14,"38,70000076293945",7
2015-07-15,"38,70000076293945",7
2015-07-16,"38,70000076293945",7
2015-07-17,"37,75",7
2015-07-20,"36,599998474121094",7
2015-07-21,"36,599998474121094",7
2015-07-22,"36,599998474121094",7
2015-07-23,"44,0",7
2015-07-24,"44,0",7
2015-07-27,"44,29999923706055",7
2015-07-28,"42,5",7
2015-07-29,"42,5",7
2015-07-30,"43,20000076293945",7
2015-07-31,"43,20000076293945",7
2015-08-03,"43,20000076293945",7
2015-08-04,"43,25",7
2015-08-05,"43,25",7
2015-08-06,"41,0",7
2015-08-07,"41,849998474121094",7
2015-08-10,"41,849998474121094",7
2015-08-11,"41,849998474121094",7
2015-08-12,"41,400001525878906",7
2015-08-13,"40,75",7
2015-08-14,"41,619998931884766",7
2015-08-17,"41,619998931884766",7
2015-08-18,"40,5",7
2015-08-19,"40,0",7
2015-08-20,"40,0",7
2015-08-21,"39,0",7
2015-08-24,"33,0",7
2015-08-25,"33,0",7
2015-08-26,"39,91999816894531",7
2015-08-27,"39,91999816894531",7
2015-08-28,"39,91999816894531",7
2015-08-31,"39,599998474121094",7
2015-09-01,"41,75",7
2015-09-02,"41,75",7
2015-09-03,"41,75",7
2015-09-04,"41,75",7
2015-09-08,"41,75",7
2015-09-09,"41,75",7
2015-09-10,"41,75",7
2015-09-11,"43,5",7
2015-09-14,"43,5",7
2015-09-15,"43,5",7
2015-09-16,"45,529998779296875",7
2015-09-17,"45,529998779296875",7
2015-09-18,"45,529998779296875",7
2015-09-21,"45,529998779296875",7
2015-09-22,"45,529998779296875",7
2015-09-23,"43,75",7
2015-09-24,"43,75",7
2015-09-25,"44,29999923706055",7
2015-09-28,"44,29999923706055",7
2015-09-29,"44,09000015258789",7
2015-09-30,"44,900001525878906",7
2015-10-01,"45,5",7
2015-10-02,"45,5",7
2015-10-05,"45,75",7
2015-10-06,"45,25",7
2015-10-07,"46,0",7
2015-10-08,"46,0",7
2015-10-09,"46,0",7
2015-10-12,"46,0",7
2015-10-13,"46,0",7
2015-10-14,"47,5",7
2015-10-15,"47,5",7
2015-10-16,"47,5",7
2015-10-19,"47,5",7
2015-10-20,"47,5",7
2015-10-21,"47,5",7
2015-10-22,"47,5",7
2015-10-23,"47,5",7
2015-10-26,"47,04999923706055",7
2015-10-27,"47,04999923706055",7
2015-10-28,"47,04999923706055",7
2015-10-29,"44,290000915527344",7
2015-10-30,"47,45000076293945",7
2015-11-02,"47,45000076293945",7
2015-11-03,"47,45000076293945",7
2015-11-04,"51,0",7
2015-11-05,"51,0",7
2015-11-06,"51,0",7
2015-11-09,"51,220001220703125",7
2015-11-10,"51,220001220703125",7
2015-11-11,"51,220001220703125",7
2015-11-12,"51,220001220703125",7
2015-11-13,"49,58000183105469",7
2015-11-16,"49,58000183105469",7
2015-11-17,"49,58000183105469",7
2015-11-18,"49,58000183105469",7
2015-11-19,"49,58000183105469",7
2015-11-20,"51,02000045776367",7
2015-11-23,"50,61000061035156",7
2015-11-24,"50,61000061035156",7
2015-11-25,"48,5",7
2015-11-27,"48,5",7
2015-11-30,"48,5",7
2015-12-01,"48,5",7
2015-12-02,"48,5",7
2015-12-03,"46,5",7
2015-12-04,"46,5",7
2015-12-07,"46,0",7
2015-12-08,"46,0",7
2015-12-09,"46,0",7
2015-12-10,"43,0",7
2015-12-11,"43,0",7
2015-12-14,"43,599998474121094",7
2015-12-15,"43,599998474121094",7
2015-12-16,"45,54999923706055",7
2015-12-17,"45,0",7
2015-12-18,"45,400001525878906",7
2015-12-21,"44,25",7
2015-12-22,"44,25",7
2015-12-23,"44,25",7
2015-12-24,"44,25",7
2015-12-28,"44,25",7
2015-12-29,"44,79999923706055",7
2015-12-30,"44,79999923706055",7
2015-12-31,"43,150001525878906",7
2016-01-04,"43,150001525878906",7
2016-01-05,"43,150001525878906",7
2016-01-06,"43,150001525878906",7
2016-01-07,"39,439998626708984",7
2016-01-08,"39,439998626708984",7
2016-01-11,"40,04999923706055",7
2016-01-12,"40,0",7
2016-01-13,"39,75",7
2016-01-14,"39,20000076293945",7
2016-01-15,"39,20000076293945",7
2016-01-19,"38,75",7
2016-01-20,"37,849998474121094",7
2016-01-21,"37,849998474121094",7
2016-01-22,"39,75",7
2016-01-25,"39,5",7
2016-01-26,"38,5",7
2016-01-27,"39,0",7
2016-01-28,"39,0",7
2016-01-29,"39,099998474121094",7
2016-02-01,"39,5",7
2016-02-02,"39,5",7
2016-02-03,"38,58000183105469",7
2016-02-04,"38,58000183105469",7
2016-02-05,"39,5",7
2016-02-08,"39,5",7
2016-02-09,"39,5",7
2016-02-10,"39,5",7
2016-02-11,"39,5",7
2016-02-12,"39,5",7
2016-02-16,"39,5",7
2016-02-17,"39,5",7
2016-02-18,"41,29999923706055",7
2016-02-19,"41,29999923706055",7
2016-02-22,"41,29999923706055",7
2016-02-23,"41,5",7
2016-02-24,"41,5",7
2016-02-25,"41,95000076293945",7
2016-02-26,"41,130001068115234",7
2016-02-29,"41,130001068115234",7
2016-03-01,"41,130001068115234",7
2016-03-02,"41,20000076293945",7
2016-03-03,"41,20000076293945",7
2016-03-04,"41,75",7
2016-03-07,"41,70000076293945",7
2016-03-08,"41,70000076293945",7
2016-03-09,"41,650001525878906",7
2016-03-10,"41,650001525878906",7
2016-03-11,"42,209999084472656",7
2016-03-14,"42,75",7
2016-03-15,"41,83000183105469",7
2016-03-16,"41,83000183105469",7
2016-03-17,"43,0",7
2016-03-18,"43,75",7
2016-03-21,"45,0",7
2016-03-22,"45,0",7
2016-03-23,"45,0",7
2016-03-24,"45,0",7
2016-03-28,"45,0",7
2016-03-29,"46,349998474121094",7
2016-03-30,"46,349998474121094",7
2016-03-31,"45,790000915527344",7
2016-04-01,"42,0",7
2016-04-04,"41,5",7
2016-04-05,"41,400001525878906",7
2016-04-06,"41,0",7
2016-04-07,"41,75",7
2016-04-08,"42,29999923706055",7
2016-04-11,"42,29999923706055",7
2016-04-12,"42,29999923706055",7
2016-04-13,"44,0",7
2016-04-14,"44,0",7
2016-04-15,"44,099998474121094",7
2016-04-18,"44,099998474121094",7
2016-04-19,"44,099998474121094",7
2016-04-20,"44,099998474121094",7
2016-04-21,"45,0",7
2016-04-22,"45,0",7
2016-04-25,"43,70000076293945",7
2016-04-26,"43,70000076293945",7
2016-04-27,"43,70000076293945",7
2016-04-28,"43,70000076293945",7
2016-04-29,"42,599998474121094",7
2016-05-02,"41,599998474121094",7
2016-05-03,"41,599998474121094",7
2016-05-04,"41,599998474121094",7
2016-05-05,"40,16999816894531",7
2016-05-06,"40,16999816894531",7
2016-05-09,"40,38999938964844",7
2016-05-10,"40,38999938964844",7
2016-05-11,"40,25",7
2016-05-12,"40,25",7
2016-05-13,"40,18000030517578",7
2016-05-16,"40,18000030517578",7
2016-05-17,"39,25",7
2016-05-18,"39,25",7
2016-05-19,"39,25",7
2016-05-20,"39,0",7
2016-05-23,"39,0",7
2016-05-24,"39,0",7
2016-05-25,"39,0",7
2016-05-26,"40,61000061035156",7
2016-05-27,"40,61000061035156",7
2016-05-31,"40,70000076293945",7
2016-06-01,"40,79999923706055",7
2016-06-02,"40,79999923706055",7
2016-06-03,"41,08000183105469",7
2016-06-06,"41,08000183105469",7
2016-06-07,"41,08000183105469",7
2016-06-08,"41,08000183105469",7
2016-06-09,"41,0",7
2016-06-10,"41,0",7
2016-06-13,"41,0",7
2016-06-14,"41,0",7
2016-06-15,"41,0",7
2016-06-16,"41,0",7
2016-06-17,"39,939998626708984",7
2016-06-20,"39,939998626708984",7
2016-06-21,"41,099998474121094",7
2016-06-22,"41,099998474121094",7
2016-06-23,"41,099998474121094",7
2016-06-24,"40,029998779296875",7
2016-06-27,"40,029998779296875",7
2016-06-28,"40,029998779296875",7
2016-06-29,"40,029998779296875",7
2016-06-30,"40,029998779296875",7
2016-07-01,"40,029998779296875",7
2016-07-05,"40,790000915527344",7
2016-07-06,"39,65999984741211",7
2016-07-07,"39,65999984741211",7
2016-07-08,"39,130001068115234",7
2016-07-11,"39,130001068115234",7
2016-07-12,"41,099998474121094",7
2016-07-13,"41,709999084472656",7
2016-07-14,"41,709999084472656",7
2016-07-15,"41,04999923706055",7
2016-07-18,"41,04999923706055",7
2016-07-19,"41,04999923706055",7
2016-07-20,"41,04999923706055",7
2016-07-21,"40,83000183105469",7
2016-07-22,"40,83000183105469",7
2016-07-25,"40,83000183105469",7
2016-07-26,"42,75",7
2016-07-27,"42,75",7
2016-07-28,"42,75",7
2016-07-29,"42,75",7
2016-08-01,"42,75",7
2016-08-02,"42,75",7
2016-08-03,"42,75",7
2016-08-04,"42,75",7
2016-08-05,"42,75",7
2016-08-08,"42,75",7
2016-08-09,"42,75",7
2016-08-10,"42,75",7
2016-08-11,"42,75",7
2016-08-12,"42,75",7
2016-08-15,"42,75",7
2016-08-16,"42,75",7
2016-08-17,"42,0",7
2016-08-18,"42,599998474121094",7
2016-08-19,"42,599998474121094",7
2016-08-22,"42,599998474121094",7
2016-08-23,"42,599998474121094",7
2016-08-24,"42,599998474121094",7
2016-08-25,"42,599998474121094",7
2016-08-26,"42,599998474121094",7
2016-08-29,"42,599998474121094",7
2016-08-30,"42,599998474121094",7
2016-08-31,"42,279998779296875",7
2016-09-01,"42,54999923706055",7
2016-09-02,"42,54999923706055",7
2016-09-06,"43,380001068115234",7
2016-09-07,"43,380001068115234",7
2016-09-08,"43,380001068115234",7
2016-09-09,"43,380001068115234",7
2016-09-12,"43,380001068115234",7
2016-09-13,"43,15999984741211",7
2016-09-14,"43,16999816894531",7
2016-09-15,"43,16999816894531",7
2016-09-16,"43,16999816894531",7
2016-09-19,"43,16999816894531",7
2016-09-20,"43,650001525878906",7
2016-09-21,"43,650001525878906",7
2016-09-22,"43,650001525878906",7
2016-09-23,"45,599998474121094",7
2016-09-26,"45,599998474121094",7
2016-09-27,"45,599998474121094",7
2016-09-28,"45,599998474121094",7
2016-09-29,"45,599998474121094",7
2016-09-30,"45,599998474121094",7
2016-10-03,"45,599998474121094",7
2016-10-04,"46,150001525878906",7
2016-10-05,"46,150001525878906",7
2016-10-06,"46,150001525878906",7
2016-10-07,"46,150001525878906",7
2016-10-10,"46,150001525878906",7
2016-10-11,"46,150001525878906",7
2016-10-12,"46,150001525878906",7
2016-10-13,"46,150001525878906",7
2016-10-14,"42,869998931884766",7
2016-10-17,"42,869998931884766",7
2016-10-18,"42,869998931884766",7
2016-10-19,"42,869998931884766",7
2016-10-20,"42,869998931884766",7
2016-10-21,"41,900001525878906",7
2016-10-24,"42,599998474121094",7
2016-10-25,"42,599998474121094",7
2016-10-26,"40,5",7
2016-10-27,"40,5",7
2016-10-28,"40,5",7
2016-10-31,"41,20000076293945",7
2016-11-01,"41,20000076293945",7
2016-11-02,"40,83000183105469",7
2016-11-03,"40,25",7
2016-11-04,"40,25",7
2016-11-07,"40,25",7
2016-11-08,"40,5",7
2016-11-09,"40,5",7
2016-11-10,"36,0",7
2016-11-11,"38,599998474121094",7
2016-11-14,"38,599998474121094",7
2016-11-15,"38,599998474121094",7
2016-11-16,"38,20000076293945",7
2016-11-17,"38,0",7
2016-11-18,"38,75",7
2016-11-21,"39,95000076293945",7
2016-11-22,"38,29999923706055",7
2016-11-23,"39,0",7
2016-11-25,"39,0",7
2016-11-28,"39,0",7
2016-11-29,"38,0",7
2016-11-30,"38,0",7
2016-12-01,"38,0",7
2016-12-02,"38,0",7
2016-12-05,"38,0",7
2016-12-06,"38,0",7
2016-12-07,"38,0",7
2016-12-08,"40,099998474121094",7
2016-12-09,"39,75",7
2016-12-12,"39,75",7
2016-12-13,"39,75",7
2016-12-14,"40,0",7
2016-12-15,"40,0",7
2016-12-16,"39,08000183105469",7
2016-12-19,"39,72999954223633",7
2016-12-20,"39,349998474121094",7
2016-12-21,"39,349998474121094",7
2016-12-22,"39,349998474121094",7
2016-12-23,"39,68000030517578",7
2016-12-27,"40,0",7
2016-12-28,"40,0",7
2016-12-29,"39,0",7
2016-12-30,"41,0",7
2017-01-03,"41,0",7
2017-01-04,"41,0",7
2017-01-05,"41,0",7
2017-01-06,"41,0",7
2017-01-09,"40,20000076293945",7
2017-01-10,"40,20000076293945",7
2017-01-11,"41,5",7
2017-01-12,"41,5",7
2017-01-13,"41,5",7
2017-01-17,"38,0",7
2017-01-18,"45,0",7
2017-01-19,"42,5",7
2017-01-20,"42,5",7
2017-01-23,"41,04999923706055",7
2017-01-24,"41,04999923706055",7
2017-01-25,"39,75",7
2017-01-26,"39,75",7
2017-01-27,"39,75",7
2017-01-30,"40,630001068115234",7
2017-01-31,"41,25",7
2017-02-01,"39,58000183105469",7
2017-02-02,"39,58000183105469",7
2017-02-03,"39,58000183105469",7
2017-02-06,"40,11000061035156",7
2017-02-07,"40,11000061035156",7
2017-02-08,"40,11000061035156",7
2017-02-09,"40,91999816894531",7
2017-02-10,"40,91999816894531",7
2017-02-13,"40,20000076293945",7
2017-02-14,"40,20000076293945",7
2017-02-15,"40,20000076293945",7
2017-02-16,"40,20000076293945",7
2017-02-17,"40,20000076293945",7
2017-02-21,"41,5",7
2017-02-22,"41,5",7
2017-02-23,"41,5",7
2017-02-24,"42,20000076293945",7
2017-02-27,"42,20000076293945",7
2017-02-28,"42,20000076293945",7
2017-03-01,"43,66999816894531",7
2017-03-02,"43,66999816894531",7
2017-03-03,"41,33000183105469",7
2017-03-06,"41,33000183105469",7
2017-03-07,"41,33000183105469",7
2017-03-08,"41,33000183105469",7
2017-03-09,"41,33000183105469",7
2017-03-10,"41,33000183105469",7
2017-03-13,"41,33000183105469",7
2017-03-14,"41,33000183105469",7
2017-03-15,"41,33000183105469",7
2017-03-16,"41,33000183105469",7
2017-03-17,"41,33000183105469",7
2017-03-20,"43,79999923706055",7
2017-03-21,"46,900001525878906",7
2017-03-22,"46,900001525878906",7
2017-03-23,"46,349998474121094",7
2017-03-24,"46,349998474121094",7
2017-03-27,"46,349998474121094",7
2017-03-28,"46,349998474121094",7
2017-03-29,"43,25",7
2017-03-30,"43,04999923706055",7
2017-03-31,"43,04999923706055",7
2017-04-03,"43,650001525878906",7
2017-04-04,"43,650001525878906",7
2017-04-05,"43,650001525878906",7
2017-04-06,"43,650001525878906",7
2017-04-07,"39,0",7
2017-04-10,"39,0",7
2017-04-11,"39,0",7
2017-04-12,"39,0",7
2017-04-13,"40,25",7
2017-04-17,"40,25",7
2017-04-18,"40,25",7
2017-04-19,"40,25",7
2017-04-20,"40,25",7
2017-04-21,"40,25",7
2017-04-24,"39,099998474121094",7
2017-04-25,"39,099998474121094",7
2017-04-26,"39,099998474121094",7
2017-04-27,"39,099998474121094",7
2017-04-28,"39,79999923706055",7
2017-05-01,"39,0",7
2017-05-02,"39,0",7
2017-05-03,"41,099998474121094",7
2017-05-04,"41,099998474121094",7
2017-05-05,"42,0",7
2017-05-08,"41,5",7
2017-05-09,"41,5",7
2017-05-10,"41,5",7
2017-05-11,"41,5",7
2017-05-12,"41,5",7
2017-05-15,"42,599998474121094",7
2017-05-16,"43,5",7
2017-05-17,"43,5",7
2017-05-18,"43,5",7
2017-05-19,"45,599998474121094",7
2017-05-22,"46,599998474121094",7
2017-05-23,"46,599998474121094",7
2017-05-24,"46,599998474121094",7
2017-05-25,"46,599998474121094",7
2017-05-26,"46,599998474121094",7
2017-05-30,"46,95000076293945",7
2017-05-31,"46,0",7
2017-06-01,"47,400001525878906",7
2017-06-02,"47,400001525878906",7
2017-06-05,"47,400001525878906",7
2017-06-06,"47,400001525878906",7
2017-06-07,"47,400001525878906",7
2017-06-08,"48,25",7
2017-06-09,"48,25",7
2017-06-12,"48,25",7
2017-06-13,"48,25",7
2017-06-14,"48,25",7
2017-06-15,"49,0",7
2017-06-16,"49,0",7
2017-06-19,"49,650001525878906",7
2017-06-20,"48,25",7
2017-06-21,"48,25",7
2017-06-22,"48,25",7
2017-06-23,"48,25",7
2017-06-26,"48,25",7
2017-06-27,"48,25",7
2017-06-28,"48,25",7
2017-06-29,"48,25",7
2017-06-30,"48,349998474121094",7
2017-07-03,"48,349998474121094",7
2017-07-05,"46,29999923706055",7
2017-07-06,"46,29999923706055",7
2017-07-07,"46,29999923706055",7
2017-07-10,"46,29999923706055",7
2017-07-11,"46,29999923706055",7
2017-07-12,"45,22999954223633",7
2017-07-13,"45,22999954223633",7
2017-07-14,"45,22999954223633",7
2017-07-17,"45,22999954223633",7
2017-07-18,"46,97999954223633",7
2017-07-19,"46,97999954223633",7
2017-07-20,"46,97999954223633",7
2017-07-21,"45,400001525878906",7
2017-07-24,"45,400001525878906",7
2017-07-25,"45,400001525878906",7
2017-07-26,"45,400001525878906",7
2017-07-27,"45,400001525878906",7
2017-07-28,"45,400001525878906",7
2017-07-31,"45,400001525878906",7
2017-08-01,"45,400001525878906",7
2017-08-02,"45,400001525878906",7
2017-08-03,"45,400001525878906",7
2017-08-04,"45,400001525878906",7
2017-08-07,"45,400001525878906",7
2017-08-08,"45,400001525878906",7
2017-08-09,"45,400001525878906",7
2017-08-10,"45,400001525878906",7
2017-08-11,"45,400001525878906",7
2017-08-14,"45,400001525878906",7
2017-08-15,"43,130001068115234",7
2017-08-16,"43,130001068115234",7
2017-08-17,"43,130001068115234",7
2017-08-18,"42,75",7
2017-08-21,"42,0",7
2017-08-22,"42,0",7
2017-08-23,"43,459999084472656",7
2017-08-24,"44,0",7
2017-08-25,"44,0",7
2017-08-28,"44,0",7
2017-08-29,"44,0",7
2017-08-30,"49,0",7
2017-08-31,"41,75",7
2017-09-01,"41,75",7
2017-09-05,"40,58000183105469",7
2017-09-06,"40,58000183105469",7
2017-09-07,"40,58000183105469",7
2017-09-08,"40,75",7
2017-09-11,"40,75",7
2017-09-12,"40,75",7
2017-09-13,"39,56999969482422",7
2017-09-14,"49,0",7
2017-09-15,"38,7599983215332",7
2017-09-18,"38,7599983215332",7
2017-09-19,"38,7599983215332",7
2017-09-20,"41,5",7
2017-09-21,"41,5",7
2017-09-22,"41,5",7
2017-09-25,"40,599998474121094",7
2017-09-26,"40,599998474121094",7
2017-09-27,"40,0",7
2017-09-28,"40,0",7
2017-09-29,"40,0",7
2017-10-02,"40,0",7
2017-10-03,"40,0",7
2017-10-04,"40,0",7
2017-10-05,"40,79999923706055",7
2017-10-06,"40,400001525878906",7
2017-10-09,"40,400001525878906",7
2017-10-10,"40,400001525878906",7
2017-10-11,"40,400001525878906",7
2017-10-12,"40,400001525878906",7
2017-10-13,"41,5",7
2017-10-16,"41,5",7
2017-10-17,"41,5",7
2017-10-18,"40,79999923706055",7
2017-10-19,"40,79999923706055",7
2017-10-20,"40,79999923706055",7
2017-10-23,"41,0",7
2017-10-24,"41,0",7
2017-10-25,"41,0",7
2017-10-26,"41,0",7
2017-10-27,"41,0",7
2017-10-30,"41,0",7
2017-10-31,"45,25",7
2017-11-01,"46,25",7
2017-11-02,"45,75",7
2017-11-03,"45,75",7
2017-11-06,"46,0",7
2017-11-07,"46,0",7
2017-11-08,"46,0",7
2017-11-09,"46,0",7
2017-11-10,"46,0",7
2017-11-13,"46,0",7
2017-11-14,"46,0",7
2017-11-15,"44,34000015258789",7
2017-11-16,"44,34000015258789",7
2017-11-17,"43,0",7
2017-11-20,"43,0",7
2017-11-21,"43,0",7
2017-11-22,"43,0",7
2017-11-24,"43,0",7
2017-11-27,"43,0",7
2017-11-28,"43,0",7
2017-11-29,"43,0",7
2017-11-30,"43,0",7
2017-12-01,"43,0",7
2017-12-04,"43,0",7
2017-12-05,"43,0",7
2017-12-06,"43,0",7
2017-12-07,"42,5",7
2017-12-08,"41,5",7
2017-12-11,"41,5",7
2017-12-12,"41,5",7
2017-12-13,"41,5",7
2017-12-14,"41,5",7
2017-12-15,"43,0",7
2017-12-18,"43,0",7
2017-12-19,"43,41999816894531",7
2017-12-20,"41,9900016784668",7
2017-12-21,"41,70000076293945",7
2017-12-22,"41,70000076293945",7
2017-12-26,"42,04999923706055",7
2017-12-27,"42,5",7
2017-12-28,"42,0",7
2017-12-29,"44,400001525878906",7
2018-01-02,"44,400001525878906",7
2018-01-03,"44,400001525878906",7
2018-01-04,"44,400001525878906",7
2018-01-05,"41,75",7
2018-01-08,"41,75",7
2018-01-09,"41,75",7
2018-01-10,"42,5",7
2018-01-11,"42,5",7
2018-01-12,"42,5",7
2018-01-16,"42,5",7
2018-01-17,"43,79999923706055",7
2018-01-18,"43,79999923706055",7
2018-01-19,"43,79999923706055",7
2018-01-22,"45,25",7
2018-01-23,"45,25",7
2018-01-24,"45,25",7
2018-01-25,"45,25",7
2018-01-26,"45,25",7
2018-01-29,"45,25",7
2018-01-30,"41,5",7
2018-01-31,"47,5",7
2018-02-01,"47,5",7
2018-02-02,"47,5",7
2018-02-05,"42,5",7
2018-02-06,"42,099998474121094",7
2018-02-07,"41,5",7
2018-02-08,"41,959999084472656",7
2018-02-09,"41,959999084472656",7
2018-02-12,"40,5",7
2018-02-13,"41,5",7
2018-02-14,"41,5",7
2018-02-15,"41,5",7
2018-02-16,"41,5",7
2018-02-20,"41,5",7
2018-02-21,"41,0",7
2018-02-22,"40,31999969482422",7
2018-02-23,"40,31999969482422",7
2018-02-26,"40,31999969482422",7
2018-02-27,"40,31999969482422",7
2018-02-28,"40,31999969482422",7
2018-03-01,"40,5",7
2018-03-02,"40,5",7
2018-03-05,"40,599998474121094",7
2018-03-06,"40,599998474121094",7
2018-03-07,"40,599998474121094",7
2018-03-08,"41,0",7
2018-03-09,"41,0",7
2018-03-12,"41,0",7
2018-03-13,"39,900001525878906",7
2018-03-14,"39,900001525878906",7
2018-03-15,"41,130001068115234",7
2018-03-16,"41,130001068115234",7
2018-03-19,"41,130001068115234",7
2018-03-20,"41,130001068115234",7
2018-03-21,"41,130001068115234",7
2018-03-22,"41,130001068115234",7
2018-03-23,"36,599998474121094",7
2018-03-26,"36,599998474121094",7
2018-03-27,"36,599998474121094",7
2018-03-28,"36,599998474121094",7
2018-03-29,"36,599998474121094",7
2018-04-02,"36,599998474121094",7
2018-04-03,"36,599998474121094",7
2018-04-04,"36,599998474121094",7
2018-04-05,"36,599998474121094",7
2018-04-06,"36,599998474121094",7
2018-04-09,"36,599998474121094",7
2018-04-10,"36,599998474121094",7
2018-04-11,"36,599998474121094",7
2018-04-12,"36,599998474121094",7
2018-04-13,"36,599998474121094",7
2018-04-16,"40,75",7
2018-04-17,"40,75",7
2018-04-18,"40,75",7
2018-04-19,"40,75",7
2018-04-20,"40,75",7
2018-04-23,"40,75",7
2018-04-24,"44,25",7
2018-04-25,"44,25",7
2018-04-26,"44,25",7
2018-04-27,"46,0099983215332",7
2018-04-30,"46,0099983215332",7
2018-05-01,"46,0099983215332",7
2018-05-02,"46,0099983215332",7
2018-05-03,"46,0099983215332",7
2018-05-04,"40,0",7
2018-05-07,"40,0",7
2018-05-08,"40,0",7
2018-05-09,"40,0",7
2018-05-10,"40,0",7
2018-05-11,"40,0",7
2018-05-14,"40,0",7
2018-05-15,"40,0",7
2018-05-16,"43,70000076293945",7
2018-05-17,"43,70000076293945",7
2018-05-18,"43,70000076293945",7
2018-05-21,"43,70000076293945",7
2018-05-22,"43,5",7
2018-05-23,"43,5",7
2018-05-24,"41,150001525878906",7
2018-05-25,"40,72999954223633",7
2018-05-29,"40,47999954223633",7
2018-05-30,"39,5",7
2018-05-31,"39,5",7
2018-06-01,"41,54999923706055",7
2018-06-04,"41,54999923706055",7
2018-06-05,"41,54999923706055",7
2018-06-06,"41,54999923706055",7
2018-06-07,"41,20000076293945",7
2018-06-08,"41,04999923706055",7
2018-06-11,"41,0",7
2018-06-12,"40,79999923706055",7
2018-06-13,"40,79999923706055",7
2018-06-14,"40,79999923706055",7
2018-06-15,"40,79999923706055",7
2018-06-18,"41,0",7
2018-06-19,"41,0",7
2018-06-20,"47,5",7
2018-06-21,"37,349998474121094",7
2018-06-22,"37,349998474121094",7
2018-06-25,"37,349998474121094",7
2018-06-26,"37,349998474121094",7
2018-06-27,"37,349998474121094",7
2018-06-28,"37,349998474121094",7
2018-06-29,"37,349998474121094",7
2018-07-02,"37,349998474121094",7
2018-07-03,"37,349998474121094",7
2018-07-05,"37,349998474121094",7
2018-07-06,"37,349998474121094",7
2018-07-09,"37,349998474121094",7
2018-07-10,"34,79999923706055",7
2018-07-11,"34,79999923706055",7
2018-07-12,"34,599998474121094",7
2018-07-13,"34,599998474121094",7
2018-07-16,"34,599998474121094",7
2018-07-17,"34,599998474121094",7
2018-07-18,"35,099998474121094",7
2018-07-19,"35,099998474121094",7
2018-07-20,"35,099998474121094",7
2018-07-23,"35,099998474121094",7
2018-07-24,"35,099998474121094",7
2018-07-25,"35,099998474121094",7
2018-07-26,"35,099998474121094",7
2018-07-27,"36,0",7
2018-07-30,"36,0",7
2018-07-31,"36,86000061035156",7
2018-08-01,"36,86000061035156",7
2018-08-02,"36,86000061035156",7
2018-08-03,"36,86000061035156",7
2018-08-06,"35,0",7
2018-08-07,"35,0",7
2018-08-08,"35,0",7
2018-08-09,"35,0",7
2018-08-10,"35,0",7
2018-08-13,"35,08000183105469",7
2018-08-14,"35,08000183105469",7
2018-08-15,"34,54999923706055",7
2018-08-16,"35,540000915527344",7
2018-08-17,"35,540000915527344",7
2018-08-20,"35,540000915527344",7
2018-08-21,"35,540000915527344",7
2018-08-22,"35,400001525878906",7
2018-08-23,"34,5",7
2018-08-24,"34,25",7
2018-08-27,"34,25",7
2018-08-28,"34,25",7
2018-08-29,"34,25",7
2018-08-30,"34,25",7
2018-08-31,"34,25",7
2018-09-04,"34,25",7
2018-09-05,"34,25",7
2018-09-06,"32,20000076293945",7
2018-09-07,"32,20000076293945",7
2018-09-10,"32,20000076293945",7
2018-09-11,"32,20000076293945",7
2018-09-12,"32,20000076293945",7
2018-09-13,"32,20000076293945",7
2018-09-14,"32,20000076293945",7
2018-09-17,"32,20000076293945",7
2018-09-18,"47,5",7
2018-09-19,"47,5",7
2018-09-20,"47,5",7
2018-09-21,"35,81999969482422",7
2018-09-24,"34,70000076293945",7
2018-09-25,"34,70000076293945",7
2018-09-26,"34,70000076293945",7
2018-09-27,"34,70000076293945",7
2018-09-28,"34,70000076293945",7
2018-10-01,"34,70000076293945",7
2018-10-02,"35,900001525878906",7
2018-10-03,"35,900001525878906",7
2018-10-04,"35,900001525878906",7
2018-10-05,"35,900001525878906",7
2018-10-08,"35,900001525878906",7
2018-10-09,"35,900001525878906",7
2018-10-10,"32,20000076293945",7
2018-10-11,"32,20000076293945",7
2018-10-12,"31,0",7
2018-10-15,"31,0",7
2018-10-16,"31,0",7
2018-10-17,"31,0",7
2018-10-18,"31,0",7
2018-10-19,"31,0",7
2018-10-22,"31,0",7
2018-10-23,"31,0",7
2018-10-24,"31,0",7
2018-10-25,"31,0",7
2018-10-26,"31,0",7
2018-10-29,"31,0",7
2018-10-30,"31,0",7
2018-10-31,"31,0",7
2018-11-01,"31,0",7
2018-11-02,"31,0",7
2018-11-05,"31,0",7
2018-11-06,"31,0",7
2018-11-07,"31,0",7
2018-11-08,"25,25",7
2018-11-09,"25,25",7
2018-11-12,"25,25",7
2018-11-13,"25,25",7
2018-11-14,"25,25",7
2018-11-15,"27,450000762939453",7
2018-11-16,"27,75",7
2018-11-19,"27,75",7
2018-11-20,"27,0",7
2018-11-21,"27,0",7
2018-11-23,"27,0",7
2018-11-26,"27,0",7
2018-11-27,"27,09000015258789",7
2018-11-28,"27,479999542236328",7
2018-11-29,"27,479999542236328",7
2018-11-30,"29,0",7
2018-12-03,"29,31999969482422",7
2018-12-04,"29,459999084472656",7
2018-12-06,"29,459999084472656",7
2018-12-07,"29,459999084472656",7
2018-12-10,"29,459999084472656",7
2018-12-11,"30,0",7
2018-12-12,"30,0",7
2018-12-13,"30,799999237060547",7
2018-12-14,"30,25",7
2018-12-17,"30,25",7
2018-12-18,"30,0",7
2018-12-19,"25,25",7
2018-12-20,"25,25",7
2018-12-21,"25,25",7
2018-12-24,"25,25",7
2018-12-26,"25,25",7
2018-12-27,"25,25",7
2018-12-28,"25,25",7
2018-12-31,"25,25",7
2019-01-02,"25,25",7
2019-01-03,"25,25",7
2019-01-04,"25,25",7
2019-01-07,"25,25",7
2019-01-08,"25,25",7
2019-01-09,"25,25",7
2019-01-10,"25,25",7
2019-01-11,"25,25",7
2019-01-14,"25,25",7
2019-01-15,"25,25",7
2019-01-16,"25,25",7
2019-01-17,"32,849998474121094",7
2019-01-18,"35,0",7
2019-01-22,"45,0",7
2019-01-23,"45,0",7
2019-01-24,"45,0",7
2019-01-25,"45,0",7
2019-01-28,"45,0",7
2019-01-29,"45,0",7
2019-01-30,"45,0",7
2019-01-31,"45,0",7
2019-02-01,"35,79999923706055",7
2019-02-04,"35,79999923706055",7
2019-02-05,"35,79999923706055",7
2019-02-06,"35,349998474121094",7
2019-02-07,"35,349998474121094",7
2019-02-08,"35,349998474121094",7
2019-02-11,"35,349998474121094",7
2019-02-12,"35,349998474121094",7
2019-02-13,"35,349998474121094",7
2019-02-14,"33,0",7
2019-02-15,"32,849998474121094",7
2019-02-19,"32,849998474121094",7
2019-02-20,"25,5",7
2019-02-21,"25,5",7
2019-02-22,"25,5",7
2019-02-25,"32,40999984741211",7
2019-02-26,"32,40999984741211",7
2019-02-27,"32,40999984741211",7
2019-02-28,"32,40999984741211",7
2019-03-01,"32,40999984741211",7
2019-03-04,"32,40999984741211",7
2019-03-05,"32,40999984741211",7
2019-03-06,"32,40999984741211",7
2019-03-07,"31,600000381469727",7
2019-03-08,"30,5",7
2019-03-11,"30,5",7
2019-03-12,"30,5",7
2019-03-13,"30,5",7
2019-03-14,"30,5",7
2019-03-15,"30,5",7
2019-03-18,"30,5",7
2019-03-19,"30,5",7
2019-03-20,"30,5",7
2019-03-21,"30,989999771118164",7
2019-03-22,"30,989999771118164",7
2019-03-25,"30,989999771118164",7
2019-03-26,"30,989999771118164",7
2019-03-27,"30,989999771118164",7
2019-03-28,"30,350000381469727",7
2019-03-29,"30,350000381469727",7
2019-04-01,"30,5",7
2019-04-02,"29,100000381469727",7
2019-04-03,"29,100000381469727",7
2019-04-04,"29,100000381469727",7
2019-04-05,"29,100000381469727",7
2019-04-08,"29,100000381469727",7
2019-04-09,"29,100000381469727",7
2019-04-10,"29,100000381469727",7
2019-04-11,"29,100000381469727",7
2019-04-12,"31,0",7
2019-04-15,"31,0",7
2019-04-16,"31,0",7
2019-04-17,"33,0",7
2019-04-18,"33,0",7
2019-04-22,"33,5",7
2019-04-23,"33,5",7
2019-04-24,"33,5",7
2019-04-25,"33,5",7
2019-04-26,"33,5",7
2019-04-29,"33,5",7
2019-04-30,"33,5",7
2019-05-01,"33,5",7
2019-05-02,"33,5",7
2019-05-03,"33,5",7
2019-05-06,"35,0",7
2019-05-07,"35,0",7
2019-05-08,"35,0",7
2019-05-09,"35,0",7
2019-05-10,"35,0",7
2019-05-13,"35,0",7
2019-05-14,"35,0",7
2019-05-15,"35,0",7
2019-05-16,"35,0",7
2019-05-17,"35,0",7
2019-05-20,"35,0",7
2019-05-21,"35,0",7
2019-05-22,"35,0",7
2019-05-23,"29,5",7
2019-05-24,"29,5",7
2019-05-28,"29,5",7
2019-05-29,"29,5",7
2019-05-30,"29,5",7
2019-05-31,"29,5",7
2019-06-03,"30,0",7
2019-06-04,"30,0",7
2019-06-05,"30,0",7
2019-06-06,"33,349998474121094",7
2019-06-07,"33,349998474121094",7
2019-06-10,"33,349998474121094",7
2019-06-11,"33,349998474121094",7
2019-06-12,"33,349998474121094",7
2019-06-13,"33,349998474121094",7
2019-06-14,"33,349998474121094",7
2019-06-17,"33,349998474121094",7
2019-06-18,"33,349998474121094",7
2019-06-19,"33,349998474121094",7
2019-06-20,"30,0",7
2019-06-21,"30,0",7
2019-06-24,"30,0",7
2019-06-25,"30,0",7
2019-06-26,"30,0",7
2019-06-27,"30,0",7
2019-06-28,"30,5",7
2019-07-01,"30,5",7
2019-07-02,"30,5",7
2019-07-03,"30,5",7
2019-07-05,"30,5",7
2019-07-08,"30,5",7
2019-07-09,"30,5",7
2019-07-10,"31,0",7
2019-07-11,"44,0",7
2019-07-12,"44,0",7
2019-07-15,"33,75",7
2019-07-16,"32,75",7
2019-07-17,"32,939998626708984",7
2019-07-18,"32,939998626708984",7
2019-07-19,"32,939998626708984",7
2019-07-22,"33,0",7
2019-07-23,"33,0",7
2019-07-24,"33,0",7
2019-07-25,"33,0",7
2019-07-26,"33,0",7
2019-07-29,"31,0",7
2019-07-30,"31,0",7
2019-07-31,"31,700000762939453",7
2019-08-01,"31,700000762939453",7
2019-08-02,"31,700000762939453",7
2019-08-05,"30,0",7
2019-08-06,"30,0",7
2019-08-07,"30,0",7
2019-08-08,"30,0",7
2019-08-09,"28,0",7
2019-08-12,"28,0",7
2019-08-13,"28,0",7
2019-08-14,"28,0",7
2019-08-15,"28,0",7
2019-08-16,"28,0",7
2019-08-19,"28,0",7
2019-08-20,"28,0",7
2019-08-21,"28,0",7
2019-08-22,"28,0",7
2019-08-23,"28,0",7
2019-08-26,"28,0",7
2019-08-27,"28,0",7
2019-08-28,"28,0",7
2019-08-29,"28,0",7
2019-08-30,"28,0",7
2019-09-03,"28,0",7
2019-09-04,"28,0",7
2019-09-05,"28,0",7
2019-09-06,"28,0",7
2019-09-09,"28,0",7
2019-09-10,"28,0",7
2019-09-11,"28,0",7
2019-09-12,"31,75",7
2019-09-13,"31,75",7
2019-09-16,"28,010000228881836",7
2019-09-17,"28,010000228881836",7
2019-09-18,"28,010000228881836",7
2019-09-19,"35,0",7
2019-09-20,"35,0",7
2019-09-23,"34,79999923706055",7
2019-09-24,"34,79999923706055",7
2019-09-25,"34,79999923706055",7
2019-09-26,"34,79999923706055",7
2019-09-27,"34,79999923706055",7
2019-09-30,"30,0",7
2019-10-01,"31,0",7
2019-10-02,"30,0",7
2019-10-03,"30,0",7
2019-10-04,"31,389999389648438",7
2019-10-07,"28,0",7
2019-10-08,"28,0",7
2019-10-09,"29,889999389648438",7
2019-10-10,"29,889999389648438",7
2019-10-11,"29,889999389648438",7
2019-10-14,"29,889999389648438",7
2019-10-15,"29,889999389648438",7
2019-10-16,"32,5",7
2019-10-17,"30,899999618530273",7
2019-10-18,"30,899999618530273",7
2019-10-21,"30,899999618530273",7
2019-10-22,"30,899999618530273",7
2019-10-23,"34,400001525878906",7
2019-10-24,"34,400001525878906",7
2019-10-25,"31,399999618530273",7
2019-10-28,"32,0",7
2019-10-29,"32,0",7
2019-10-30,"34,25",7
2019-10-31,"31,399999618530273",7
2019-11-01,"31,399999618530273",7
2019-11-04,"31,399999618530273",7
2019-11-05,"31,399999618530273",7
2019-11-06,"31,399999618530273",7
2019-11-07,"31,399999618530273",7
2019-11-08,"31,399999618530273",7
2019-11-11,"31,399999618530273",7
2019-11-12,"31,399999618530273",7
2019-11-13,"31,399999618530273",7
2019-11-14,"30,5",7
2019-11-15,"30,5",7
2019-11-18,"30,5",7
2019-11-19,"31,350000381469727",7
2019-11-20,"31,350000381469727",7
2019-11-21,"31,350000381469727",7
2019-11-22,"31,350000381469727",7
2019-11-25,"31,5",7
2019-11-26,"31,399999618530273",7
2019-11-27,"31,399999618530273",7
2019-11-29,"30,700000762939453",7
2019-12-02,"30,700000762939453",7
2019-12-03,"30,700000762939453",7
2019-12-04,"30,5",7
2019-12-05,"30,5",7
2019-12-06,"30,5",7
2019-12-09,"30,600000381469727",7
2019-12-10,"30,600000381469727",7
2019-12-11,"31,0",7
2019-12-12,"31,0",7
2019-12-13,"31,0",7
2019-12-16,"31,0",7
2019-12-17,"31,0",7
2019-12-18,"31,0",7
2019-12-19,"31,0",7
2019-12-20,"31,5",7
2019-12-23,"31,5",7
2019-12-24,"31,5",7
2019-12-26,"31,5",7
2019-12-27,"31,5",7
2019-12-30,"31,5",7
2019-12-31,"31,5",7
2020-01-02,"31,5",7
2020-01-03,"31,5",7
2020-01-06,"31,5",7
2020-01-07,"31,6200008392334",7
2020-01-08,"31,6200008392334",7
2020-01-09,"30,299999237060547",7
2020-01-10,"33,0",7
2020-01-13,"33,0",7
2020-01-14,"31,299999237060547",7
2020-01-15,"28,0",7
2020-01-16,"28,25",7
2020-01-17,"28,25",7
2020-01-21,"31,5",7
2020-01-22,"32,70000076293945",7
2020-01-23,"32,29999923706055",7
2020-01-24,"32,29999923706055",7
2020-01-27,"32,900001525878906",7
2020-01-28,"33,0",7
2020-01-29,"33,0",7
2020-01-30,"31,600000381469727",7
2020-01-31,"31,5",7
2020-02-03,"33,97999954223633",7
2020-02-04,"31,510000228881836",7
2020-02-05,"30,5",7
2020-02-06,"33,97999954223633",7
2020-02-07,"33,97999954223633",7
2020-02-10,"33,88999938964844",7
2020-02-11,"33,88999938964844",7
2020-02-12,"33,29999923706055",7
2020-02-13,"33,29999923706055",7
2020-02-14,"33,29999923706055",7
2020-02-18,"33,29999923706055",7
2020-02-19,"31,25",7
2020-02-20,"31,0",7
2020-02-21,"31,0",7
2020-02-24,"28,899999618530273",7
2020-02-25,"30,0",7
2020-02-26,"30,0",7
2020-02-27,"29,0",7
2020-02-28,"26,25",7
2020-03-02,"33,0",7
2020-03-03,"27,5",7
2020-03-04,"27,5",7
2020-03-05,"27,5",7
2020-03-06,"27,5",7
2020-03-09,"32,900001525878906",7
2020-03-10,"25,149999618530273",7
2020-03-11,"29,0",7
2020-03-12,"25,0",7
2020-03-13,"25,0",7
2020-03-16,"21,709999084472656",7
2020-03-17,"19,100000381469727",7
2020-03-18,"18,760000228881836",7
2020-03-19,"15,0",7
2020-03-20,"17,139999389648438",7
2020-03-23,"17,229999542236328",7
2020-03-24,"24,0",7
2020-03-25,"20,0",7
2020-03-26,"23,399999618530273",7
2020-03-27,"23,399999618530273",7
2020-03-30,"18,200000762939453",7
2020-03-31,"21,3799991607666",7
2020-04-01,"21,549999237060547",7
2020-04-02,"21,549999237060547",7
2020-04-03,"21,549999237060547",7
2020-04-06,"22,25",7
2020-04-07,"24,700000762939453",7
2020-04-08,"22,489999771118164",7
2020-04-09,"26,65999984741211",7
2020-04-13,"26,350000381469727",7
2020-04-14,"25,799999237060547",7
2020-04-15,"25,799999237060547",7
2020-04-16,"23,5",7
2020-04-17,"25,0",7
2020-04-20,"23,25",7
2020-04-21,"23,25",7
2020-04-22,"23,25",7
2020-04-23,"23,25",7
2020-04-24,"23,25",7
2020-04-27,"23,0",7
2020-04-28,"29,299999237060547",7
2020-04-29,"23,0",7
2020-04-30,"25,209999084472656",7
2020-05-01,"23,0",7
2020-05-04,"27,889999389648438",7
2020-05-05,"30,100000381469727",7
2020-05-06,"23,0",7
2020-05-07,"23,0",7
2020-05-08,"25,0",7
2020-05-11,"23,270000457763672",7
2020-05-12,"23,0",7
2020-05-13,"22,709999084472656",7
2020-05-14,"22,239999771118164",7
2020-05-15,"26,469999313354492",7
2020-05-18,"26,469999313354492",7
2020-05-19,"22,489999771118164",7
2020-05-20,"25,0",7
2020-05-21,"23,0",7
2020-05-22,"22,260000228881836",7
2020-05-26,"24,0",7
2020-05-27,"23,0",7
2020-05-28,"22,889999389648438",7
2020-05-29,"22,670000076293945",7
2020-06-01,"22,809999465942383",7
2020-06-02,"24,899999618530273",7
2020-06-03,"24,260000228881836",7
2020-06-04,"24,0",7
2020-06-05,"24,899999618530273",7
2020-06-08,"28,5",7
2020-06-09,"28,100000381469727",7
2020-06-10,"26,950000762939453",7
2020-06-11,"22,399999618530273",7
2020-06-12,"25,0",7
2020-06-15,"25,0",7
2020-06-16,"28,68000030517578",7
2020-06-17,"28,68000030517578",7
2020-06-18,"24,010000228881836",7
2020-06-19,"24,0",7
2020-06-22,"24,0",7
2020-06-23,"23,25",7
2020-06-24,"23,25",7
2020-06-25,"22,5",7
2020-06-26,"22,5",7
2020-06-29,"22,5",7
2020-06-30,"22,5",7
2020-07-01,"25,25",7
2020-07-02,"25,25",7
2020-07-06,"23,0",7
2020-07-07,"22,09000015258789",7
2020-07-08,"22,09000015258789",7
2020-07-09,"23,0",7
2020-07-10,"22,450000762939453",7
2020-07-13,"22,450000762939453",7
2020-07-14,"22,770000457763672",7
2020-07-15,"22,770000457763672",7
2020-07-16,"23,079999923706055",7
2020-07-17,"23,079999923706055",7
2020-07-20,"23,700000762939453",7
2020-07-21,"29,0",7
2020-07-22,"28,889999389648438",7
2020-07-23,"27,0",7
2020-07-24,"29,0",7
2020-07-27,"29,0",7
2020-07-28,"28,0",7
2020-07-29,"28,25",7
2020-07-30,"28,0",7
2020-07-31,"29,0",7
2020-08-03,"24,860000610351562",7
2020-08-04,"24,860000610351562",7
2020-08-05,"29,0",7
2020-08-06,"29,989999771118164",7
2020-08-07,"31,389999389648438",7
2020-08-10,"35,349998474121094",7
2020-08-11,"36,900001525878906",7
2020-08-12,"37,0",7
2020-08-13,"37,0",7
2020-08-14,"34,099998474121094",7
2020-08-17,"37,5",7
2020-08-18,"39,75",7
2020-08-19,"34,5",7
2020-08-20,"33,20000076293945",7
2020-08-21,"31,31999969482422",7
2020-08-24,"35,0",7
2020-08-25,"34,0",7
2020-08-26,"34,0",7
2020-08-27,"35,5",7
2020-08-28,"38,0",7
2020-08-31,"37,650001525878906",7
2020-09-01,"34,88999938964844",7
2020-09-02,"36,29999923706055",7
2020-09-03,"35,0",7
2020-09-04,"35,0",7
2020-09-08,"33,099998474121094",7
2020-09-09,"38,0",7
2020-09-10,"34,400001525878906",7
2020-09-11,"36,0",7
2020-09-14,"36,0",7
2020-09-15,"36,029998779296875",7
2020-09-16,"37,5",7
2020-09-17,"36,29999923706055",7
2020-09-18,"38,0",7
2020-09-21,"37,65999984741211",7
2020-09-22,"38,45000076293945",7
2020-09-23,"33,4900016784668",7
2020-09-24,"34,5",7
2020-09-25,"34,5",7
2020-09-28,"34,58000183105469",7
2020-09-29,"35,779998779296875",7
2020-09-30,"35,900001525878906",7
2020-10-01,"35,54999923706055",7
2020-10-02,"35,0",7
2020-10-05,"35,900001525878906",7
2020-10-06,"36,0",7
2020-10-07,"36,849998474121094",7
2020-10-08,"36,400001525878906",7
2020-10-09,"36,38999938964844",7
2020-10-12,"36,0",7
2020-10-13,"37,0",7
2020-10-14,"37,0",7
2020-10-15,"36,20000076293945",7
2020-10-16,"36,20000076293945",7
2020-10-19,"36,20000076293945",7
2020-10-20,"36,20000076293945",7
2020-10-21,"36,20000076293945",7
2020-10-22,"35,599998474121094",7
2020-10-23,"35,70000076293945",7
2020-10-26,"35,20000076293945",7
2020-10-27,"35,11000061035156",7
2020-10-28,"34,0099983215332",7
2020-10-29,"34,0",7
2020-10-30,"34,7400016784668",7
2020-11-02,"34,7400016784668",7
2020-11-03,"33,900001525878906",7
2020-11-04,"34,5",7
2020-11-05,"34,5",7
2020-11-06,"35,650001525878906",7
2020-11-09,"36,150001525878906",7
2020-11-10,"37,790000915527344",7
2020-11-11,"36,11000061035156",7
2020-11-12,"36,11000061035156",7
2020-11-13,"36,11000061035156",7
2020-11-16,"36,5099983215332",7
2020-11-17,"37,70000076293945",7
2020-11-18,"37,25",7
2020-11-19,"37,77000045776367",7
2020-11-20,"38,18000030517578",7
2020-11-23,"38,400001525878906",7
2020-11-24,"38,400001525878906",7
2020-11-25,"38,5",7
2020-11-27,"38,70000076293945",7
2020-11-30,"38,5",7
2020-12-01,"38,5",7
2020-12-02,"39,79999923706055",7
2020-12-03,"41,20000076293945",7
2020-12-04,"40,459999084472656",7
2020-12-07,"42,27000045776367",7
2020-12-08,"42,20000076293945",7
2020-12-09,"41,77000045776367",7
2020-12-10,"41,099998474121094",7
2020-12-11,"40,279998779296875",7
2020-12-14,"41,61000061035156",7
2020-12-15,"42,0",7
2020-12-16,"41,79999923706055",7
2020-12-17,"41,790000915527344",7
2020-12-18,"40,81999969482422",7
2020-12-21,"39,58000183105469",7
2020-12-22,"40,5",7
2020-12-23,"40,7400016784668",7
2020-12-24,"40,7400016784668",7
2020-12-28,"41,2400016784668",7
2020-12-29,"41,97999954223633",7
2020-12-30,"42,5",7
2020-12-31,"43,68000030517578",7
2021-01-04,"44,369998931884766",7
2021-01-05,"44,0",7
2021-01-06,"43,0",7
2021-01-07,"42,29999923706055",7
2021-01-08,"54,349998474121094",7
2021-01-11,"68,44000244140625",7
2021-01-12,"60,0",7
2021-01-13,"56,29999923706055",7
2021-01-14,"54,20000076293945",7
2021-01-15,"52,0",7
2021-01-19,"57,75",7
2021-01-20,"54,75",7
2021-01-21,"57,130001068115234",7
2021-01-22,"56,459999084472656",7
2021-01-25,"59,0",7
2021-01-26,"56,70000076293945",7
2021-01-27,"53,7400016784668",7
2021-01-28,"54,150001525878906",7
2021-01-29,"50,4900016784668",7
2021-02-01,"54,59000015258789",7
2021-02-02,"54,720001220703125",7
2021-02-03,"56,099998474121094",7
2021-02-04,"58,4900016784668",7
2021-02-05,"56,939998626708984",7
2021-02-08,"53,04999923706055",7
2021-02-09,"52,849998474121094",7
2021-02-10,"53,5",7
2021-02-11,"54,790000915527344",7
2021-02-12,"54,650001525878906",7
2021-02-16,"53,0",7
2021-02-17,"52,630001068115234",7
2021-02-18,"50,40999984741211",7
2021-02-19,"50,880001068115234",7
2021-02-22,"49,79999923706055",7
2021-02-23,"47,75",7
2021-02-24,"48,7400016784668",7
2021-02-25,"48,150001525878906",7
2021-02-26,"47,47999954223633",7
2021-03-01,"49,2599983215332",7
2021-03-02,"48,029998779296875",7
2021-03-03,"48,88999938964844",7
2021-03-04,"46,70000076293945",7
2021-03-05,"45,7400016784668",7
2021-03-08,"45,5",7
2021-03-09,"46,650001525878906",7
2021-03-10,"46,349998474121094",7
2021-03-11,"46,75",7
2021-03-12,"46,88999938964844",7
2021-03-15,"46,5099983215332",7
2021-03-16,"46,61000061035156",7
2021-03-17,"47,0",7
2021-03-18,"49,0",7
2021-03-19,"48,599998474121094",7
2021-03-22,"46,709999084472656",7
2021-03-23,"46,119998931884766",7
2021-03-24,"44,0",7
2021-03-25,"44,25",7
2021-03-26,"44,25",7
2021-03-29,"45,040000915527344",7
2021-03-30,"45,20000076293945",7
2021-03-31,"44,75",7
2021-04-01,"46,29999923706055",7
2021-04-05,"48,41999816894531",7
2021-04-06,"49,0",7
2021-04-07,"49,0",7
2021-04-08,"48,54999923706055",7
2021-04-09,"48,0",7
2021-04-12,"47,54999923706055",7
2021-04-13,"48,7400016784668",7
2021-04-14,"49,349998474121094",7
2021-04-15,"50,0",7
2021-04-16,"49,90999984741211",7
2021-04-19,"49,470001220703125",7
2021-04-20,"47,599998474121094",7
2021-04-21,"47,689998626708984",7
2021-04-22,"48,29999923706055",7
2021-04-23,"48,599998474121094",7
2021-04-26,"48,099998474121094",7
2021-04-27,"49,20000076293945",7
2021-04-28,"48,31999969482422",7
2021-04-29,"48,349998474121094",7
2021-04-30,"47,310001373291016",7
2021-05-03,"48,0",7
2021-05-04,"47,75",7
2021-05-05,"48,0",7
2021-05-06,"48,09000015258789",7
2021-05-07,"50,0",7
2021-05-10,"51,20000076293945",7
2021-05-11,"49,5",7
2021-05-12,"48,70000076293945",7
2021-05-13,"49,380001068115234",7
2021-05-14,"50,5",7
2021-05-17,"48,79999923706055",7
2021-05-18,"49,900001525878906",7
2021-05-19,"49,0",7
2021-05-20,"49,5099983215332",7
2021-05-21,"49,9900016784668",7
2021-05-24,"49,689998626708984",7
2021-05-25,"49,86000061035156",7
2021-05-26,"48,75",7
2021-05-27,"48,0",7
2021-05-28,"49,56999969482422",7
2021-06-01,"49,880001068115234",7
2021-06-02,"50,20000076293945",7
2021-06-03,"50,02000045776367",7
2021-06-04,"51,29999923706055",7
2021-06-07,"51,0",7
2021-06-08,"52,0",7
2021-06-09,"51,099998474121094",7
2021-06-10,"50,75",7
2021-06-11,"51,900001525878906",7
2021-06-14,"51,27000045776367",7
2021-06-15,"51,29999923706055",7
2021-06-16,"51,290000915527344",7
2021-06-17,"50,900001525878906",7
2021-06-18,"50,689998626708984",7
2021-06-21,"51,0",7
2021-06-22,"51,02000045776367",7
2021-06-23,"51,599998474121094",7
2021-06-24,"51,36000061035156",7
2021-06-25,"52,060001373291016",7
2021-06-28,"52,02000045776367",7
2021-06-29,"52,209999084472656",7
2021-06-30,"52,0",7
2021-07-01,"51,77000045776367",7
2021-07-02,"50,11000061035156",7
2021-07-06,"50,66999816894531",7
2021-07-07,"50,5",7
2021-07-08,"49,09000015258789",7
2021-07-09,"48,650001525878906",7
2021-07-12,"49,70000076293945",7
2021-07-13,"49,45000076293945",7
2021-07-14,"49,400001525878906",7
2021-07-15,"49,779998779296875",7
2021-07-16,"49,70000076293945",7
2021-07-19,"49,349998474121094",7
2021-07-20,"49,349998474121094",7
2021-07-21,"49,349998474121094",7
2021-07-22,"49,20000076293945",7
2021-07-23,"49,58000183105469",7
2021-07-26,"47,79999923706055",7
2021-07-27,"47,400001525878906",7
2021-07-28,"46,75",7
2021-07-29,"47,25",7
2021-07-30,"46,689998626708984",7
2021-08-02,"46,86000061035156",7
2021-08-03,"46,86000061035156",7
2021-08-04,"46,9900016784668",7
2021-08-05,"47,0",7
2021-08-06,"46,209999084472656",7
2021-08-09,"46,2599983215332",7
2021-08-10,"46,380001068115234",7
2021-08-11,"46,5099983215332",7
2021-08-12,"46,83000183105469",7
2021-08-13,"45,02000045776367",7
2021-08-16,"44,650001525878906",7
2021-08-17,"43,099998474121094",7
2021-08-18,"43,4900016784668",7
2021-08-19,"42,459999084472656",7
2021-08-20,"42,38999938964844",7
2021-08-23,"42,709999084472656",7
2021-08-24,"44,29999923706055",7
2021-08-25,"43,68000030517578",7
2021-08-26,"43,0",7
2021-08-27,"43,02000045776367",7
2021-08-30,"43,25",7
2021-08-31,"43,900001525878906",7
2021-09-01,"43,43000030517578",7
2021-09-02,"43,81999969482422",7
2021-09-03,"43,650001525878906",7
2021-09-07,"43,33000183105469",7
2021-09-08,"44,29999923706055",7
2021-09-09,"43,779998779296875",7
2021-09-10,"43,900001525878906",7
2021-09-13,"44,060001373291016",7
2021-09-14,"44,29999923706055",7
2021-09-15,"44,54999923706055",7
2021-09-16,"44,439998626708984",7
2021-09-17,"43,0",7
2021-09-20,"41,20000076293945",7
2021-09-21,"42,279998779296875",7
2021-09-22,"42,939998626708984",7
2021-09-23,"42,79999923706055",7
2021-09-24,"42,38999938964844",7
2021-09-27,"41,880001068115234",7
2021-09-28,"41,150001525878906",7
2021-09-29,"41,060001373291016",7
2021-09-30,"40,630001068115234",7
2021-10-01,"40,849998474121094",7
2021-10-04,"39,93000030517578",7
2021-10-05,"39,20000076293945",7
2021-10-06,"39,0",7
2021-10-07,"40,0",7
2021-10-08,"41,0",7
2021-10-11,"41,72999954223633",7
2021-10-12,"42,029998779296875",7
2021-10-13,"41,790000915527344",7
2021-10-14,"42,75",7
2021-10-15,"41,849998474121094",7
2021-10-18,"41,900001525878906",7
2021-10-19,"42,54999923706055",7
2021-10-20,"42,099998474121094",7
2021-10-21,"42,08000183105469",7
2021-10-22,"42,0",7
2021-10-25,"41,5099983215332",7
2021-10-26,"41,04999923706055",7
2021-10-27,"41,79999923706055",7
2021-10-28,"41,66999816894531",7
2021-10-29,"40,5",7
2021-11-01,"40,22999954223633",7
2021-11-02,"40,97999954223633",7
2021-11-03,"40,5",7
2021-11-04,"41,720001220703125",7
2021-11-05,"41,29999923706055",7
2021-11-08,"42,209999084472656",7
2021-11-09,"41,75",7
2021-11-10,"41,40999984741211",7
2021-11-11,"41,79999923706055",7
2021-11-12,"42,09000015258789",7
2021-11-15,"42,0",7
2021-11-16,"41,54999923706055",7
2021-11-17,"41,91999816894531",7
2021-11-18,"41,349998474121094",7
2021-11-19,"41,599998474121094",7
2021-11-22,"42,0",7
2021-11-23,"42,5",7
2021-11-24,"41,77000045776367",7
2021-11-26,"40,20000076293945",7
2021-11-29,"39,099998474121094",7
2021-11-30,"39,349998474121094",7
2021-12-01,"39,099998474121094",7
2021-12-02,"40,45000076293945",7
2021-12-03,"40,95000076293945",7
2021-12-06,"40,90999984741211",7
2021-12-07,"40,97999954223633",7
2021-12-08,"41,0",7
2021-12-09,"40,29999923706055",7
2021-12-10,"40,88999938964844",7
2021-12-13,"40,68000030517578",7
2021-12-14,"41,029998779296875",7
2021-12-15,"40,66999816894531",7
2021-12-16,"41,5",7
2021-12-17,"41,279998779296875",7
2021-12-20,"40,900001525878906",7
2021-12-21,"41,20000076293945",7
2021-12-22,"41,45000076293945",7
2021-12-23,"41,0",7
2021-12-27,"42,0",7
2021-12-28,"42,0",7
2021-12-29,"41,54999923706055",7
2021-12-30,"40,5",7
2021-12-31,"40,869998931884766",7
2022-01-03,"40,849998474121094",7
2022-01-04,"41,25",7
2022-01-05,"41,40999984741211",7
2022-01-06,"41,29999923706055",7
2022-01-07,"41,93000030517578",7
2022-01-10,"40,560001373291016",7
2022-01-11,"41,599998474121094",7
2022-01-12,"42,4900016784668",7
2022-01-13,"42,4900016784668",7
2022-01-14,"42,25",7
2022-01-18,"41,099998474121094",7
2022-01-19,"42,20000076293945",7
2022-01-20,"42,0",7
2022-01-21,"41,29999923706055",7
2022-01-24,"40,27000045776367",7
2022-01-25,"39,0",7
2022-01-26,"39,290000915527344",7
2022-01-27,"39,209999084472656",7
2022-01-28,"39,25",7
2022-01-31,"39,02000045776367",7
2022-02-01,"40,0",7
2022-02-02,"40,709999084472656",7
2022-02-03,"40,150001525878906",7
2022-02-04,"40,4900016784668",7
2022-02-07,"39,130001068115234",7
2022-02-08,"38,40999984741211",7
2022-02-09,"39,0099983215332",7
2022-02-10,"39,689998626708984",7
2022-02-11,"39,029998779296875",7
2022-02-14,"39,0",7
2022-02-15,"39,650001525878906",7
2022-02-16,"40,45000076293945",7
2022-02-17,"38,849998474121094",7
2022-02-18,"39,20000076293945",7
2022-02-22,"38,97999954223633",7
2022-02-23,"37,7599983215332",7
2022-02-24,"35,5099983215332",7
2022-02-25,"36,16999816894531",7
2022-02-28,"37,279998779296875",7
2022-03-01,"36,15999984741211",7
2022-03-02,"36,58000183105469",7
2022-03-03,"37,58000183105469",7
2022-03-04,"36,0",7
2022-03-07,"34,97999954223633",7
2022-03-08,"36,18000030517578",7
2022-03-09,"37,20000076293945",7
2022-03-10,"35,79999923706055",7
2022-03-11,"35,150001525878906",7
2022-03-14,"34,83000183105469",7
2022-03-15,"34,0",7
2022-03-16,"34,5",7
2022-03-17,"35,0",7
2022-03-18,"36,0",7
2022-03-21,"34,84000015258789",7
2022-03-22,"34,66999816894531",7
2022-03-23,"35,5",7
2022-03-24,"34,7400016784668",7
2022-03-25,"34,880001068115234",7
2022-03-28,"36,0",7
2022-03-29,"36,0",7
2022-03-30,"36,0",7
2022-03-31,"35,25",7
2022-04-01,"34,5",7
2022-04-04,"35,400001525878906",7
2022-04-05,"35,790000915527344",7
2022-04-06,"35,0",7
2022-04-07,"34,959999084472656",7
2022-04-08,"34,91999816894531",7
2022-04-11,"35,599998474121094",7
2022-04-12,"34,81999969482422",7
2022-04-13,"35,79999923706055",7
2022-04-14,"36,0",7
2022-04-18,"36,68000030517578",7
2022-04-19,"36,20000076293945",7
2022-04-20,"36,209999084472656",7
2022-04-21,"36,75",7
2022-04-22,"36,20000076293945",7
2022-04-25,"36,40999984741211",7
2022-04-26,"36,84000015258789",7
2022-04-27,"37,220001220703125",7
2022-04-28,"36,849998474121094",7
2022-04-29,"36,06999969482422",7
2022-05-02,"36,75",7
2022-05-03,"36,400001525878906",7
2022-05-04,"36,54999923706055",7
2022-05-05,"36,54999923706055",7
2022-05-06,"36,45000076293945",7
2022-05-09,"35,9900016784668",7
2022-05-10,"36,13999938964844",7
2022-05-11,"36,0",7
2022-05-12,"35,599998474121094",7
2022-05-13,"36,290000915527344",7
2022-05-16,"36,0",7
2022-05-17,"35,25",7
2022-05-18,"35,29999923706055",7
2022-05-19,"35,290000915527344",7
2022-05-20,"36,25",7
2022-05-23,"37,0",7
2022-05-24,"37,38999938964844",7
2022-05-25,"36,34000015258789",7
2022-05-26,"37,5099983215332",7
2022-05-27,"37,29999923706055",7
2022-05-31,"36,4900016784668",7
2022-06-01,"36,29999923706055",7
2022-06-02,"38,349998474121094",7
2022-06-03,"37,5",7
2022-06-06,"36,54999923706055",7
2022-06-07,"36,5",7
2022-06-08,"36,5",7
2022-06-09,"36,40999984741211",7
2022-06-10,"35,5",7
2022-06-13,"33,43000030517578",7
2022-06-14,"33,2400016784668",7
2022-06-15,"33,400001525878906",7
2022-06-16,"32,900001525878906",7
2022-06-17,"32,84000015258789",7
2022-06-21,"32,77000045776367",7
2022-06-22,"33,130001068115234",7
2022-06-23,"32,220001220703125",7
2022-06-24,"32,20000076293945",7
2022-06-27,"34,41999816894531",7
2022-06-28,"35,84000015258789",7
2022-06-29,"33,5",7
2022-06-30,"33,540000915527344",7
2022-07-01,"34,45000076293945",7
2022-07-05,"33,84000015258789",7
2022-07-06,"33,150001525878906",7
2022-07-07,"33,95000076293945",7
2022-07-08,"34,25",7
2022-07-11,"30,100000381469727",7
2022-07-12,"34,060001373291016",7
2022-07-13,"34,75",7
2022-07-14,"35,060001373291016",7
2022-07-15,"35,41999816894531",7
2022-07-18,"36,65999984741211",7
2022-07-19,"36,61000061035156",7
2022-07-20,"35,900001525878906",7
2022-07-21,"35,400001525878906",7
2022-07-22,"35,400001525878906",7
2022-07-25,"36,31999969482422",7
2022-07-26,"36,9900016784668",7
2022-07-27,"36,369998931884766",7
2022-07-28,"36,369998931884766",7
2022-07-29,"37,540000915527344",7
2022-08-01,"37,58000183105469",7
2022-08-02,"37,58000183105469",7
2022-08-03,"36,20000076293945",7
2022-08-04,"36,72999954223633",7
2022-08-05,"37,13999938964844",7
2022-08-08,"36,689998626708984",7
2022-08-09,"36,709999084472656",7
2022-08-10,"36,5",7
2022-08-11,"36,09000015258789",7
2022-08-12,"36,4900016784668",7
2022-08-15,"36,5",7
2022-08-16,"35,77000045776367",7
2022-08-17,"34,540000915527344",7
2022-08-18,"34,52000045776367",7
2022-08-19,"33,880001068115234",7
2022-08-22,"33,7599983215332",7
2022-08-23,"33,900001525878906",7
2022-08-24,"33,599998474121094",7
2022-08-25,"36,34000015258789",7
2022-08-26,"34,099998474121094",7
2022-08-29,"35,45000076293945",7
2022-08-30,"35,59000015258789",7
2022-08-31,"34,790000915527344",7
2022-09-01,"33,209999084472656",7
2022-09-02,"34,84000015258789",7
2022-09-06,"33,5",7
2022-09-07,"34,470001220703125",7
2022-09-08,"34,470001220703125",7
2022-09-09,"34,650001525878906",7
2022-09-12,"34,45000076293945",7
2022-09-13,"33,689998626708984",7
2022-09-14,"33,59000015258789",7
2022-09-15,"35,0",7
2022-09-16,"33,75",7
2022-09-19,"33,75",7
2022-09-20,"33,0099983215332",7
2022-09-21,"32,7599983215332",7
2022-09-22,"32,0",7
2022-09-23,"31,5",7
2022-09-26,"31,280000686645508",7
2022-09-27,"30,31999969482422",7
2022-09-28,"31,149999618530273",7
2022-09-29,"30,489999771118164",7
2022-09-30,"29,600000381469727",7
2022-10-03,"29,950000762939453",7
2022-10-04,"30,809999465942383",7
2022-10-05,"30,75",7
2022-10-06,"29,950000762939453",7
2022-10-07,"30,100000381469727",7
2022-10-10,"29,0",7
2022-10-11,"27,09000015258789",7
2022-10-12,"27,920000076293945",7
2022-10-13,"27,5",7
2022-10-14,"27,5",7
2022-10-17,"27,5",7
2022-10-18,"27,889999389648438",7
2022-10-19,"28,0",7
2022-10-20,"28,0",7
2022-10-21,"27,260000228881836",7
2022-10-24,"27,059999465942383",7
2022-10-25,"27,100000381469727",7
2022-10-26,"27,149999618530273",7
2022-10-27,"27,100000381469727",7
2022-10-28,"27,31999969482422",7
2022-10-31,"27,610000610351562",7
2022-11-01,"28,5",7
2022-11-02,"27,549999237060547",7
2022-11-03,"28,18000030517578",7
2022-11-04,"28,450000762939453",7
2022-11-07,"29,100000381469727",7
2022-11-08,"29,0",7
2022-11-09,"29,350000381469727",7
2022-11-10,"30,100000381469727",7
2022-11-11,"31,0",7
2022-11-14,"31,0",7
2022-11-15,"31,06999969482422",7
2022-11-16,"30,5",7
2022-11-17,"29,75",7
2022-11-18,"28,40999984741211",7
2022-11-21,"29,510000228881836",7
2022-11-22,"29,40999984741211",7
2022-11-23,"29,0",7
2022-11-25,"30,510000228881836",7
2022-11-28,"29,600000381469727",7
2022-11-29,"30,399999618530273",7
2022-11-30,"31,25",7
2022-12-01,"29,979999542236328",7
2022-12-02,"31,020000457763672",7
2022-12-05,"30,5",7
2022-12-06,"30,489999771118164",7
2022-12-07,"30,1299991607666",7
2022-12-08,"30,25",7
2022-12-09,"30,209999084472656",7
2022-12-12,"31,0",7
2022-12-13,"31,850000381469727",7
2022-12-14,"30,200000762939453",7
2022-12-15,"29,09000015258789",7
2022-12-16,"30,079999923706055",7
2022-12-19,"30,860000610351562",7
2022-12-20,"30,329999923706055",7
2022-12-21,"30,6200008392334",7
2022-12-22,"29,399999618530273",7
2022-12-23,"30,0",7
2022-12-27,"30,0",7
2022-12-28,"30,149999618530273",7
2022-12-29,"30,1200008392334",7
2022-12-30,"29,75",7
2023-01-03,"30,0",7
2023-01-04,"30,149999618530273",7
2023-01-05,"30,0",7
2023-01-06,"30,5",7
2023-01-09,"31,399999618530273",7
2023-01-10,"31,549999237060547",7
2023-01-11,"31,010000228881836",7
2023-01-12,"32,0",7
2023-01-13,"32,33000183105469",7
2023-01-17,"32,58000183105469",7
2023-01-18,"33,0",7
2023-01-19,"32,88999938964844",7
2023-01-20,"33,84000015258789",7
2023-01-23,"33,2400016784668",7
2023-01-24,"33,630001068115234",7
2023-01-25,"32,20000076293945",7
2023-01-26,"33,29999923706055",7
2023-01-27,"34,5",7
2023-01-30,"35,29999923706055",7
2023-01-31,"34,75",7
2023-02-01,"35,5",7
2023-02-02,"35,900001525878906",7
2023-02-03,"36,09000015258789",7
2023-02-06,"35,25",7
2023-02-07,"35,33000183105469",7
2023-02-08,"35,33000183105469",7
2023-02-09,"35,93000030517578",7
2023-02-10,"35,0",7
2023-02-13,"36,08000183105469",7
2023-02-14,"35,0",7
2023-02-15,"35,31999969482422",7
2023-02-16,"35,58000183105469",7
2023-02-17,"36,43000030517578",7
